SummonerName,KDA,AvgKills,AvgDeaths,AvgAssists,TOP_played,JUNGLE_played,MID_played,ADC_played,SUPPORT_played,WinRate,VisionWards,WardsKilled,WardsPlaced,TowersKilled,InhibitorKills,DragonsKilled,RiftHeraldKilled,BaronKilled,KillContribution,TotalDamageDealtToChampions,TotalDamageTaken,TotalHeal,CCDuration,GoldEarned,AvgGameLength,topPlayedLength,midPlayedLength,junglePlayedLength,adcPlayedLength,supportPlayedLength,D_ADC,DT_ADC,CS_zeroToTen_ADC,CS_ADC,H_ADC,D_MID,DT_MID,CS_zeroToTen_MID,CS_MID,H_MID,D_TOP,DT_TOP,CS_zeroToTen_TOP,CS_TOP,H_TOP,D_JG,DT_JG,CS_zeroToTen_JG,CS_JG,H_JG,D_SUP,DT_SUP,CS_zeroToTen_SUP,CS_SUP,H_SUP
GladeGleamBright,2.61,6.9,5.7,8,1,6,2,0,1,40,15,33,135,7,0,9,3,4,62,210874,292862,65337,6128,123839,1804.7,2649,3163,10160,0,2075,0,0,0,0,0,32652,36472,63.5,300,3019,36959,47636,72,283,4137,134154,189320,9.67,487,47378,7109,19434,4,16,10803
Kiyoon,1.7,4.5,6.1,5.9,2,6,2,0,0,10,30,44,143,3,0,7,2,2,56,134139,255887,46531,112.35,98801,1741.1,4186,2482,10743,0,0,0,0,0,0,0,16737,23017,53.5,212,1005,34849,59315,42,340,10301,82553,173555,6.17,461,35225,0,0,0,0,0
ChamGyoUuk,1.51,3.1,5.3,4.9,10,0,0,0,0,70,19,28,105,9,2,13,3,0,40,163992,202852,41103,48.55,95230,1465.1,14651,0,0,0,0,0,0,0,0,0,0,0,0,0,0,163992,202852,62.7,1479,41103,0,0,0,0,0,0,0,0,0,0
Slooshi8,2.75,6.3,4.4,5.8,0,0,6,4,0,50,12,21,79,15,1,14,6,5,55,221786,184425,29785,60.35,128155,1761.5,0,10901,0,6714,0,78558,74591,66.75,887,11705,143228,109834,77.33,1248,18080,0,0,0,0,0,0,0,0,0,0,0,0,0,0,0
Linsanityy,2.47,4.1,3.6,4.8,0,2,8,0,0,30,21,23,132,3,0,8,2,2,54,129542,150658,23754,51.32,92870,1422.4,0,10615,3609,0,0,0,0,0,0,0,106669,91415,72.88,1321,8639,0,0,0,0,0,22873,59243,2.5,165,15115,0,0,0,0,0
KiWiKiD,3.17,1.2,4.8,14,1,1,0,0,8,50,38,60,218,7,1,10,0,3,62,76817,186887,54526,37.37,93865,1830.5,1625,0,1719,0,14961,0,0,0,0,0,0,0,0,0,0,9891,13508,72,216,981,13677,16184,2,63,4055,53249,157195,6,188,49490
lron Pyrite,2.27,3,5.5,9.5,0,0,1,1,8,40,24,94,285,3,1,15,2,6,56,172628,140363,12827,55.27,103071,1831.6,0,1717,0,1562,15037,9595,20526,23,57,3356,20950,10089,95,265,146,0,0,0,0,0,0,0,0,0,0,142083,109748,4.5,389,9325
SE MaGeRdAnGeR,5.54,5.5,2.6,8.9,0,9,0,1,0,60,31,70,134,8,4,16,5,6,65,152023,247528,77624,106.07,117810,1713.2,0,0,15410,1722,0,28640,17146,60,153,3091,0,0,0,0,0,0,0,0,0,0,123383,230382,7.67,810,74533,0,0,0,0,0
TangerineOrange,3.66,4.5,3.2,7.2,0,1,1,6,2,90,31,45,139,17,1,15,5,5,53,169450,146884,56743,54.97,114294,1584.1,0,2403,1352,9317,2769,109423,76687,81.83,1335,11804,43249,30869,80,296,7919,0,0,0,0,0,9662,19147,4,71,6850,7116,20181,2.5,28,30170
Ablazeolive,2.57,6.8,4.6,5,1,0,2,7,0,40,20,61,137,20,2,11,3,6,53,192406,186905,29487,76.87,134138,1841.7,1565,3317,0,13535,0,136211,136845,78.71,1773,21564,37374,40157,68.5,360,7464,18821,9903,76,190,459,0,0,0,0,0,0,0,0,0,0
Ness Wizard,4.57,7.1,2.8,5.7,7,3,0,0,0,60,20,92,149,13,3,12,9,7,46,177731,196708,37792,68.35,151335,1904.2,12727,0,6315,0,0,0,0,0,0,0,0,0,0,0,0,121979,122878,72.71,1746,11986,55752,73830,16,291,25806,0,0,0,0,0
Cris,2.93,4.7,4.4,8.2,5,1,4,0,0,60,19,30,130,15,1,12,4,4,54,211523,238019,35244,77.95,116506,1661.8,9194,6570,854,0,0,0,0,0,0,0,77973,82005,69,807,10026,128090,146514,67,1035,24958,5460,9500,51,5,260,0,0,0,0,0
PandaTV Xiaoxin,2.54,5.7,5,7,3,1,5,1,0,50,17,28,122,6,0,20,1,3,45,181356,227015,45357,56.03,117219,1725.2,5015,9023,1779,1435,0,11131,15264,64,171,2116,107784,100330,74.6,1015,11308,40287,81380,74,632,20314,22154,30041,4,79,11619,0,0,0,0,0
Duocek,2.44,4.4,5.5,9,1,0,9,0,0,60,36,58,192,9,4,13,2,7,55,224425,257403,42703,64.22,138303,2140.6,1518,19888,0,0,0,0,0,0,0,0,215459,243759,72.56,2261,41798,8966,13644,89,157,905,0,0,0,0,0,0,0,0,0,0
CJE Kramer,4.03,6.2,3.4,7.5,0,3,0,7,0,70,9,35,87,18,2,12,4,5,61,182910,176665,39585,86.75,125657,1687.8,0,0,4439,12439,0,148859,122921,71.14,1593,22008,0,0,0,0,0,0,0,0,0,0,34051,53744,8.33,228,17577,0,0,0,0,0
Poppers OP,2.85,7.2,5.2,7.6,1,0,9,0,0,50,17,34,134,4,3,20,7,9,52,307191,218836,36181,79.68,140760,2030.9,1667,18642,0,0,0,0,0,0,0,0,292598,189287,73.11,2070,33533,14593,29549,67,173,2648,0,0,0,0,0,0,0,0,0,0
Arcsecond,1.88,5.3,5.7,5.4,0,2,8,0,0,40,10,55,95,14,2,12,2,4,47,203954,223029,37029,78.98,126950,1893.2,0,14632,4300,0,0,0,0,0,0,0,156682,147285,80.75,1831,13875,0,0,0,0,0,47272,75744,7,179,23154,0,0,0,0,0
Beasted,3,7.1,4.5,6.4,3,5,1,1,0,60,8,44,76,16,2,17,1,7,58,192911,252184,70461,67.78,129118,1770.4,4979,1897,9085,1743,0,18631,29694,67,208,3399,26595,25559,66,244,7295,39804,55808,60.67,605,6259,107881,141123,6.2,448,53508,0,0,0,0,0
Contractz,3.72,5.9,3.9,8.6,1,7,0,0,2,60,31,39,145,5,0,5,4,3,62,169038,268377,86850,161.63,114864,1719.8,2011,0,12020,0,3167,0,0,0,0,0,0,0,0,0,0,22901,28924,64,272,3646,126347,207514,7.14,622,76873,19790,31939,3.5,53,6331
OG DoubleG,3.84,3.3,3.8,11.3,1,1,0,4,4,70,25,51,162,9,2,14,0,4,61,124785,159273,33433,55.63,113476,1783.8,2490,0,764,6977,7607,73920,54400,86.75,989,8038,0,0,0,0,0,20945,25933,72,240,4249,2497,6100,6,35,1664,27423,72840,2.5,71,19482
Solarshower,3.62,1.9,3.4,10.4,0,0,0,1,9,40,24,83,253,4,0,14,4,4,61,61020,186422,42778,19.55,81197,1751.5,0,0,0,804,16711,1085,3716,8,9,540,0,0,0,0,0,0,0,0,0,0,0,0,0,0,0,59935,182706,13.11,390,42238
Celend,3.78,4.6,4.1,10.9,0,5,5,0,0,70,33,48,137,4,1,11,1,5,59,179695,212615,45157,56.63,116344,1786.5,0,8909,8956,0,0,0,0,0,0,0,103851,79576,70.8,969,5573,0,0,0,0,0,75844,133039,3.4,337,39584,0,0,0,0,0
Sudzzi,2.08,4.7,5.3,6.3,5,0,5,0,0,30,3,17,111,5,0,11,2,6,50,199111,246461,50374,73.42,122100,1887.1,10761,8110,0,0,0,0,0,0,0,0,86180,85359,73.2,1055,4509,112931,161102,63.2,1271,45865,0,0,0,0,0,0,0,0,0,0
keanefo,2.76,5.8,3.8,4.7,4,2,4,0,0,80,15,21,95,27,1,10,9,6,47,165103,175491,38599,71.23,115250,1487.9,5849,5576,3454,0,0,0,0,0,0,0,75893,55424,72,690,11097,62133,63412,80,764,17581,27077,56655,6.5,132,9921,0,0,0,0,0
Nightblue3,3.43,6.7,4.6,9.1,0,9,0,0,1,80,31,69,205,6,2,15,4,6,59,172491,227325,70566,160.53,123127,1740,0,0,15577,0,1823,0,0,0,0,0,0,0,0,0,0,0,0,0,0,0,162987,201290,7.56,726,64142,9504,26035,10,52,6424
Nexevis,1.81,4.3,6.2,6.9,1,5,4,0,0,30,32,38,144,3,0,12,2,6,47,169204,278694,58461,112,114194,1942.6,1913,8398,9115,0,0,0,0,0,0,0,86847,97166,67.25,704,9929,12093,32000,57,160,1863,70264,149528,3.2,400,46669,0,0,0,0,0
TwitchTV LOLFILL,2.33,4.1,5.5,8.7,0,0,5,1,4,40,27,63,179,7,0,11,5,5,58,153297,193274,40332,51.25,112772,1873,0,9021,0,2206,7503,34969,30159,62,244,5214,99450,83729,68.8,943,7331,0,0,0,0,0,0,0,0,0,0,18878,79386,6.5,97,27787
Grigne,3.38,5.1,5,11.8,1,6,0,0,3,50,20,36,186,4,2,8,1,6,66,148381,316880,86308,104.5,110829,1766.8,2235,0,9642,0,5791,0,0,0,0,0,0,0,0,0,0,20108,41437,53,182,11528,98678,178331,4.67,500,55614,29595,97112,11.33,113,19166
Allorim,4.42,4.1,3.8,12.7,8,0,2,0,0,70,10,49,127,7,0,10,4,7,59,176229,253240,52664,196.07,123821,1911.2,14416,4696,0,0,0,0,0,0,0,0,32502,51245,75,498,4571,143727,201995,76,1588,48093,0,0,0,0,0,0,0,0,0,0
Qq1035716423me,5.94,1.4,1.6,8.1,0,0,0,3,7,70,27,46,156,9,1,9,6,0,53,45790,80208,19042,14.07,69510,1277.8,0,0,0,3509,9269,20313,30932,33.67,292,5067,0,0,0,0,0,0,0,0,0,0,0,0,0,0,0,25477,49276,2.43,121,13975
Always Blaming,1.61,4.7,6.6,5.9,3,0,6,0,1,40,24,46,145,13,1,9,3,3,46,240626,224974,29696,89.5,117838,1829.6,5003,11809,0,0,1484,0,0,0,0,0,166071,128817,75.5,1416,10304,62107,86857,63.67,590,18536,0,0,0,0,0,12448,9300,4,18,856
Damonte,1.93,4.2,5.5,6.4,1,0,9,0,0,40,17,23,100,6,1,5,3,3,52,179775,200989,22670,41.13,116355,1762.1,1280,16341,0,0,0,0,0,0,0,0,168031,186441,76.22,1896,18962,11744,14548,58,135,3708,0,0,0,0,0,0,0,0,0,0
Never Blaming,2.3,6.7,5.7,6.4,1,4,5,0,0,30,13,35,95,8,1,13,3,6,60,223640,309335,92877,76.43,123152,1773.3,2929,7816,6988,0,0,0,0,0,0,0,108185,104997,67.2,856,17589,30396,64423,73,216,15989,85059,139915,14.75,365,59299,0,0,0,0,0
dT Hoglet,3.18,6.8,4.9,8.8,1,7,0,1,1,80,19,56,151,8,1,16,5,5,63,203859,254760,76196,103.17,123933,1676.9,1860,0,10602,2280,2027,30020,31580,75,267,3220,0,0,0,0,0,36524,36646,78,271,13011,127265,160984,4.29,649,56275,10050,25550,14,55,3690
REN Freeze,2.86,4.1,3.6,6.2,0,0,0,10,0,50,4,31,72,22,2,11,6,2,46,178560,150845,25890,20.88,116041,1637.8,0,0,0,16378,0,178560,150845,73.8,1994,25890,0,0,0,0,0,0,0,0,0,0,0,0,0,0,0,0,0,0,0,0
Butler Delta,2.84,3.4,4.3,8.8,6,0,4,0,0,40,25,31,137,7,1,15,3,4,55,191706,212356,58975,206.5,122488,1812.8,10000,8128,0,0,0,0,0,0,0,0,91398,104749,60.5,878,32285,100308,107607,63.83,1197,26690,0,0,0,0,0,0,0,0,0,0
fragas is a rat,3.82,6.9,3.8,7.6,0,0,1,9,0,50,2,59,123,24,5,19,7,11,52,225309,192430,35585,72.85,152337,2070.2,0,1607,0,19095,0,214645,177429,70.44,2215,34736,10664,15001,68,161,849,0,0,0,0,0,0,0,0,0,0,0,0,0,0,0
Q1035716423,2.59,6.6,6.8,11,3,4,0,3,0,50,14,36,129,9,4,12,5,3,61,202979,288905,50567,117.03,125762,1901.8,6454,0,7417,5147,0,67634,56435,58.67,591,10721,0,0,0,0,0,72932,105036,60.67,547,11524,62413,127434,3.75,326,28322,0,0,0,0,0
iq1035716423,2.85,0.8,4.6,12.3,0,0,0,0,10,60,40,99,276,2,1,13,2,6,56,65116,170529,41418,49.55,84734,1723.4,0,0,0,0,17234,0,0,0,0,0,0,0,0,0,0,0,0,0,0,0,0,0,0,0,0,65116,170529,8.9,347,41418
Lohpally,3.49,1.1,4.1,13.2,1,0,0,0,9,50,40,79,272,4,0,11,2,5,61,75351,178797,86776,33.47,98108,1874.7,1297,0,0,0,17450,0,0,0,0,0,0,0,0,0,0,4816,10950,50,127,694,0,0,0,0,0,70535,167847,9,329,86082
Lokeneve,2.59,9.3,6.9,8.6,2,1,0,7,0,80,16,38,113,29,4,12,2,9,58,270796,263018,50343,60.42,157619,1855.3,3938,0,1200,13415,0,223132,182294,65.14,1637,30704,0,0,0,0,0,44346,68208,67.5,482,18105,3318,12516,71,9,1534,0,0,0,0,0
KElTHMCBRlEF,3.21,6.6,4.2,6.9,0,0,1,8,1,80,12,32,97,17,2,13,5,5,48,206362,190126,35416,43.62,127769,1647.8,0,1567,0,13289,1622,178116,147715,76.63,1773,27787,21255,18921,69,181,948,0,0,0,0,0,0,0,0,0,0,6991,23490,9,32,6681
Liquid Smoothie,3.1,2.7,3.9,9.4,1,1,0,1,7,50,49,53,253,2,0,9,3,3,66,85335,180604,39545,53.95,86298,1682.3,2059,0,1828,854,12082,2430,6783,10,12,2963,0,0,0,0,0,14184,21542,53,167,767,13373,38086,6,78,21053,55348,114193,4.14,134,14762
Pooky Wan Kenobi,2.51,3.7,5.3,9.6,0,1,0,0,9,50,27,52,209,0,0,9,6,4,58,101561,175742,45099,35.42,91587,1650.6,0,0,1480,0,15026,0,0,0,0,0,0,0,0,0,0,0,0,0,0,0,16840,12828,1,0,4727,84721,162914,6,248,40372
Amature,2.58,6.7,5.5,7.5,8,0,0,1,1,50,21,34,128,6,3,8,3,4,55,195714,271232,54641,129.55,116227,1736.9,14464,0,0,1214,1691,8858,7164,71,154,957,0,0,0,0,0,175347,240394,60.5,1428,51917,0,0,0,0,0,11509,23674,18,45,1767
1onz,3.39,0.6,4.1,13.3,0,0,0,0,10,70,44,70,251,3,1,15,5,6,58,59379,137545,115812,32.77,87655,1750.2,0,0,0,0,17502,0,0,0,0,0,0,0,0,0,0,0,0,0,0,0,0,0,0,0,0,59379,137545,4.5,234,115812
JiaQQ1035716423,4.14,2.6,3.7,12.7,0,1,2,2,5,90,29,67,190,8,4,17,5,6,57,122584,171440,39208,33.55,102323,1712.4,0,3252,2145,2942,8785,29701,24793,35,244,8022,33936,35832,55.5,315,3184,0,0,0,0,0,5094,24792,6,0,1936,53853,86023,7.4,175,26066
Ohh Wonder,2.09,4.1,4.7,5.7,1,3,0,6,0,20,47,53,181,6,0,10,2,2,53,142811,181849,35925,51.37,106311,1737,1730,0,5519,10121,0,88222,87297,64.67,1128,17573,0,0,0,0,0,10451,21639,58,203,3317,44138,72913,10,212,15035,0,0,0,0,0
tehgameguy,4.36,0.3,3.3,14.1,0,0,0,0,10,80,25,40,254,3,1,11,3,4,62,44276,112331,60504,21.92,81082,1597.9,0,0,0,0,15979,0,0,0,0,0,0,0,0,0,0,0,0,0,0,0,0,0,0,0,0,44276,112331,2.8,126,60504
Puncho,3.13,7,4.7,7.7,3,0,1,4,2,50,11,53,103,12,4,17,4,5,59,197819,202635,27619,80.05,119707,1791.7,5286,2062,0,7149,3420,107419,66119,68.5,791,11704,18027,28929,57,159,2409,61324,66089,54.67,483,6447,0,0,0,0,0,11049,41498,8.5,64,7059
Chimonaa1,3.34,4.2,3.5,7.5,4,2,2,2,0,40,10,28,102,8,0,12,5,2,55,184141,198800,46615,85.95,115454,1668.2,5860,3479,3996,3347,0,37739,26904,54.5,402,6915,35849,31356,67,431,2473,63589,77143,68.75,762,15592,46964,63397,9,218,21635,0,0,0,0,0
QQ1035716423q,4.95,1.5,2.2,9.4,0,0,0,2,8,80,33,50,193,9,0,12,6,2,53,69580,104568,50589,21.53,83397,1530.8,0,0,0,2715,12593,25600,22851,76,326,4087,0,0,0,0,0,0,0,0,0,0,0,0,0,0,0,43980,81717,2.75,173,46502
Pants are Dragon,3.23,3.4,5.3,13.7,0,5,0,0,5,80,38,72,204,3,0,18,5,5,56,125476,279050,128210,89.83,115385,1982,0,0,9617,0,10203,0,0,0,0,0,0,0,0,0,0,0,0,0,0,0,87608,164542,7,405,59796,37868,114508,12.2,241,68414
GroundEffect,1.31,5.5,6.7,3.3,1,1,4,4,0,20,21,29,103,6,0,8,4,1,46,190542,184578,26329,40.47,98420,1511.6,1448,5496,1288,6884,0,98665,77973,67,868,12144,74413,65191,48.25,489,7510,7970,25013,54,164,5742,9494,16401,59,5,933,0,0,0,0,0
lIlIIIIIllIIIl,2.87,6.9,4.5,6,2,0,8,0,0,70,26,23,129,18,2,14,2,4,47,176268,160143,14673,49.1,111624,1558.9,2839,12750,0,0,0,0,0,0,0,0,148308,134542,53.13,1266,14412,27960,25601,61.5,309,261,0,0,0,0,0,0,0,0,0,0
TiP Past,4.05,4.1,4.2,12.9,0,3,0,2,5,60,29,61,180,1,1,12,6,4,68,134407,255076,80496,78.65,102080,1650.4,0,0,5076,3784,7644,46578,43997,62,347,7087,0,0,0,0,0,0,0,0,0,0,54583,110552,5.33,258,42825,33246,100527,8.6,106,30584
jonzaler,3.43,8.9,4.7,7.2,3,0,0,7,0,70,11,32,101,22,3,12,2,5,60,243023,231976,63974,73.88,126580,1714,5494,0,0,11646,0,160822,115006,63.86,1188,21770,0,0,0,0,0,82201,116970,66,586,42204,0,0,0,0,0,0,0,0,0,0
GangstahSwerve,2.39,7,5.9,7.1,0,10,0,0,0,40,24,67,149,6,0,12,3,7,59,200477,341056,108017,102.88,121644,1864.1,0,0,18641,0,0,0,0,0,0,0,0,0,0,0,0,0,0,0,0,0,200477,341056,2.7,844,108017,0,0,0,0,0
Nocturneking2,3.48,6.7,4.8,10,2,6,1,1,0,70,24,65,142,13,1,11,5,5,62,204340,284930,97185,81.4,123549,1753.6,3951,1405,10806,1374,0,19373,12297,42,135,1839,10982,11397,62,155,632,51130,57779,75.5,441,11950,122855,203457,7.67,500,82764,0,0,0,0,0
GG Oddie,3.3,5.6,4.7,9.9,0,5,2,1,2,30,29,69,153,3,0,7,1,1,60,167119,262392,83529,93.55,116057,1887.8,0,3304,10130,2481,2963,27290,21913,65,246,3146,30278,30033,66,326,2456,0,0,0,0,0,97787,180952,6,472,73255,11764,29494,10.5,60,4672
DIG Kirei,2.09,6.2,6.5,7.4,0,9,1,0,0,50,19,38,95,9,2,7,7,3,60,195094,256539,75610,76.78,107312,1573.5,0,1655,14080,0,0,0,0,0,0,0,16856,17088,60,172,782,0,0,0,0,0,178238,239451,4.78,701,74828,0,0,0,0,0
DZG 6ulb3tier,2.06,6.9,6.5,6.5,0,3,1,6,0,40,4,59,137,8,1,15,1,2,57,208711,210892,31933,50.52,127484,1848.7,0,2051,5251,11185,0,142002,111169,74.17,1401,16873,18982,22618,56,186,1886,0,0,0,0,0,47727,77105,23.33,136,13174,0,0,0,0,0
KeepoKing,3.44,7.8,5.2,10.1,1,0,2,7,0,90,11,24,88,19,4,11,7,6,55,249160,231239,49130,71.85,132361,1690.6,1633,3771,0,11502,0,182320,133642,63.14,1353,26317,48004,64973,77.5,424,13443,18836,32624,62,171,9370,0,0,0,0,0,0,0,0,0,0
Rohammers,2.35,5.9,5.2,6.3,8,0,2,0,0,60,28,33,107,11,1,16,3,5,47,212979,235583,60964,74.47,129273,1794.6,14564,3382,0,0,0,0,0,0,0,0,52532,46779,64,316,14948,160447,188804,63.25,1686,46016,0,0,0,0,0,0,0,0,0,0
C9 Sneaky,3.84,10.6,5.1,9,0,0,0,10,0,70,22,47,93,29,6,17,1,5,68,273726,200900,37496,55.02,154825,1900.5,0,0,0,19005,0,273726,200900,80,2299,37496,0,0,0,0,0,0,0,0,0,0,0,0,0,0,0,0,0,0,0,0
Pretty Raheem,2.79,6.3,4.7,6.8,0,0,1,9,0,70,25,30,117,18,3,17,2,7,58,221866,175148,32133,55.85,130495,1777.2,0,1060,0,16712,0,208966,167520,75.78,2053,31607,12900,7628,83,132,526,0,0,0,0,0,0,0,0,0,0,0,0,0,0,0
sanspareil2016,3.16,5.3,3.8,6.7,0,10,0,0,0,70,30,61,126,3,1,9,7,3,55,134670,206917,85123,96.88,103349,1537.2,0,0,15372,0,0,0,0,0,0,0,0,0,0,0,0,0,0,0,0,0,134670,206917,6.3,779,85123,0,0,0,0,0
Best Riven NA,4.82,4.7,3.3,11.2,6,2,0,1,1,60,25,29,130,11,0,14,3,8,51,165479,301669,116830,90.03,120050,1799.4,10985,0,3525,1747,1737,5212,33270,25,63,12837,0,0,0,0,0,119098,168345,64.33,1181,48510,33366,78315,12,200,42052,7803,21739,14,49,13431
C9 Meteos,2,3.8,4.6,5.4,1,5,1,1,2,30,18,81,137,10,0,9,2,1,49,119352,214724,52124,68.53,108080,1737,1889,1862,8181,1788,3650,10461,15300,82,237,2713,14097,18955,58,217,1441,16061,19411,77,269,1320,64270,114428,3.4,474,41874,14463,46630,1.5,43,4776
kina,3.17,6.8,4.1,6.2,9,0,0,1,0,70,31,38,142,18,5,12,4,6,54,249060,218699,44804,47.8,140580,1781,16081,0,0,1729,0,33424,15525,79,217,4260,0,0,0,0,0,215636,203174,70.56,2190,40544,0,0,0,0,0,0,0,0,0,0
Izaiya,4.32,7.4,3.8,9,3,5,2,0,0,60,32,53,222,14,1,14,7,6,67,211458,241700,101158,80.03,125326,1831,5074,3493,9743,0,0,0,0,0,0,0,37760,31707,59.5,345,1952,65041,49294,54.67,490,2567,108657,160699,4.2,413,96639,0,0,0,0,0
Piggy Kitten,2.58,4.8,4.8,7.6,0,0,9,0,1,50,21,37,152,8,1,19,8,5,47,166126,202055,34508,34.82,120723,1856.8,0,16838,0,0,1730,0,0,0,0,0,159190,183753,73,1938,33540,0,0,0,0,0,0,0,0,0,0,6936,18302,9,23,968
SE Flamboozle,3.15,3.6,3.3,6.8,0,0,4,5,1,60,16,42,128,17,6,12,4,4,52,120655,125542,25801,24.67,97254,1476.7,0,5280,0,7321,2166,75872,59060,72.2,939,13350,37909,44189,67.5,537,3810,0,0,0,0,0,0,0,0,0,0,6874,22293,2,17,8641
TwistyJuker,1.22,3.8,6.4,4,7,1,2,0,0,20,16,23,123,10,1,12,5,1,45,167545,221866,23340,108.08,103901,1689.7,12272,3409,1216,0,0,0,0,0,0,0,36325,30521,64.5,421,1871,124863,176864,59.71,1266,17077,6357,14481,0,65,4392,0,0,0,0,0
bobqinXD,3.58,5.7,3.8,7.9,4,0,6,0,0,80,32,47,143,12,0,20,1,8,53,193794,240474,38469,69.03,133295,2018,6689,13491,0,0,0,0,0,0,0,0,130400,162027,63.83,1390,26849,63394,78447,59,703,11620,0,0,0,0,0,0,0,0,0,0
Myrna,3.22,6.9,5,9.2,1,8,1,0,0,80,5,44,156,12,3,16,5,4,57,241875,347359,86009,100.12,132462,1868.4,1361,1962,15361,0,0,0,0,0,0,0,27744,30654,78,229,2593,18531,18563,74,173,2993,195600,298142,6.75,747,80423,0,0,0,0,0
HomedogPaws,3.07,4.6,4.1,8,7,2,1,0,0,40,2,25,98,5,0,11,3,3,52,156700,263721,61798,96.18,110803,1793.2,12309,1698,3925,0,0,0,0,0,0,0,11599,19238,50,153,3482,113745,180085,66.29,1267,40553,31356,64398,2,133,17763,0,0,0,0,0
Sun  1,2.54,9.3,6.8,8,0,1,7,2,0,20,7,38,168,12,2,13,1,6,52,314651,268511,42317,40.4,154072,2169.1,0,15443,2137,4111,0,74147,55651,79,468,7357,219482,175207,69.43,1725,27769,0,0,0,0,0,21022,37653,10,90,7191,0,0,0,0,0
t d,2.49,4.5,5.3,8.7,0,4,3,1,2,40,11,32,169,5,1,9,3,3,56,125793,217601,32894,106.9,98352,1713.9,0,5779,7484,920,2956,5697,7454,98,108,1193,57700,59592,72,589,9666,0,0,0,0,0,50030,116118,3.5,204,20269,12366,34437,8,30,1766
Strompest,2.75,6.8,5.5,8.3,2,1,5,2,0,80,12,50,105,24,4,19,4,8,51,234896,271918,39342,146.33,143257,2056.9,4134,10158,2151,4126,0,51049,43503,74.5,424,8051,131713,121448,66.4,1082,9716,35200,68602,58,479,8593,16934,38365,1,115,12982,0,0,0,0,0
k3soju,4.43,3.4,2.8,9,1,3,6,0,0,80,15,22,87,9,2,11,7,5,55,124819,148162,28118,105.03,104381,1518.8,1440,9098,4650,0,0,0,0,0,0,0,87519,75335,75,1037,9030,7869,16542,61,175,909,29431,56285,7.33,258,18179,0,0,0,0,0
Chorong,3.06,4.3,3.4,6.1,5,2,2,0,1,90,35,43,147,18,3,14,6,6,46,144963,190662,48025,206.35,115559,1616.4,7825,2861,4169,0,1309,0,0,0,0,0,18446,24853,57,276,3501,73423,90522,69.4,1033,20179,50386,59905,8.5,202,21168,2708,15382,10,36,3177
GodPiglet,1.99,6.7,8.5,10.2,0,1,2,7,0,30,22,48,148,14,2,8,2,2,58,268806,265546,47940,74.68,140123,1962.6,0,3931,1325,14370,0,216696,200695,66.29,1545,29992,43325,45582,74,483,6747,0,0,0,0,0,8785,19269,6,103,11201,0,0,0,0,0
Eveloken,5.1,5.9,2.9,8.9,0,9,0,1,0,90,24,55,112,11,1,14,4,4,57,122616,197782,74697,77.68,110435,1507.4,0,0,13891,1183,0,7029,7004,58,130,1552,0,0,0,0,0,0,0,0,0,0,115587,190778,8.44,684,73145,0,0,0,0,0
Echo Fox kfo,3.75,5.1,3.2,6.9,6,4,0,0,0,100,25,33,128,22,6,19,6,5,57,154359,222156,46538,91.8,112524,1639,9853,0,6537,0,0,0,0,0,0,0,0,0,0,0,0,109381,161962,70.33,1096,36137,44978,60194,37.25,36,10401,0,0,0,0,0
FeedPally,3.02,1.9,4.7,12.3,0,0,1,0,9,60,42,73,261,5,1,9,5,5,58,97321,188552,39565,31.07,95107,1854.1,0,1698,0,0,16843,0,0,0,0,0,9642,15221,75,165,1273,0,0,0,0,0,0,0,0,0,0,87679,173331,7.67,265,38292
Johnboy12,2.96,1.7,5.7,15.2,1,0,1,1,7,70,38,110,332,3,0,26,1,6,65,100539,248989,83720,56.35,111842,2101.2,2602,1330,0,1376,15704,7127,15652,27,88,1641,5893,14193,69,136,444,28170,63796,66,243,20559,0,0,0,0,0,59349,155348,4.57,225,61076
MOKSANIM,2.22,3,5.1,8.3,0,0,0,1,9,30,23,65,267,0,0,6,2,2,56,91653,158915,28827,26.12,79856,1540.6,0,0,0,1522,13884,12507,17259,60,162,2276,0,0,0,0,0,0,0,0,0,0,0,0,0,0,0,79146,141656,5.33,201,26551
TSM MeNoHaxor,2.85,3.2,5.2,11.6,0,2,0,2,6,50,34,68,221,3,0,16,6,3,62,129089,202189,41289,39.85,101539,1786.2,0,0,3236,4037,10589,54269,39539,77,478,5635,0,0,0,0,0,0,0,0,0,0,28409,51830,1,129,12102,46411,110820,8.5,194,23552
rumpnisse,2.45,3.6,4,6.2,7,0,1,0,2,20,20,64,124,5,2,7,3,4,54,147827,171589,23315,48.7,92547,1590.1,11129,1656,0,0,3116,0,0,0,0,0,19758,12794,65,144,1890,99831,131134,55.43,1107,18744,0,0,0,0,0,28238,27661,14.5,106,2681
Zaganox,3.97,6,3.2,6.7,0,1,0,8,1,50,23,43,120,15,1,15,5,3,58,169584,157945,26364,49.52,121699,1725,0,0,1627,13903,1720,147672,126230,72.88,1628,21184,0,0,0,0,0,0,0,0,0,0,15018,11127,61,36,1556,6894,20588,12,39,3624
SandPaperX,2.85,1.5,3.9,9.6,1,0,2,0,7,40,38,71,248,4,0,13,3,4,54,73482,185145,62424,48.25,87500,1681.2,1823,2525,0,0,12464,0,0,0,0,0,16944,19706,55,213,1748,15776,22854,64,196,1713,0,0,0,0,0,40762,142585,9.29,312,58963
PARKJONGWON,2.68,6.4,5,7,0,1,7,0,2,40,22,30,191,4,2,13,4,4,52,168032,219039,33024,63.82,119414,1874.7,0,13127,1185,0,4435,0,0,0,0,0,148176,141995,66.29,1359,17189,0,0,0,0,0,9783,12439,22,48,2097,10073,64605,6.5,57,13738
DZG Vulcan,3.55,1.3,4.7,15.4,0,0,0,0,10,60,46,62,294,4,1,15,5,4,65,78502,170010,15856,38.63,86629,1732.6,0,0,0,0,17326,0,0,0,0,0,0,0,0,0,0,0,0,0,0,0,0,0,0,0,0,78502,170010,7.2,244,15856
DZG MaxTroBeau,1.64,4.1,5.9,5.6,9,0,1,0,0,30,15,16,99,6,1,7,3,2,50,167889,216647,35829,48.42,108347,1658.4,14737,1847,0,0,0,0,0,0,0,0,16902,17786,56,192,2290,150987,198861,68,1749,33539,0,0,0,0,0,0,0,0,0,0
DouyuTV ShuaiGua,3.84,3.2,4.5,14.1,0,0,1,2,7,70,27,55,245,7,1,20,4,7,59,106617,165960,45671,37.52,105691,1848.1,0,2043,0,4405,12033,52446,46594,62.5,406,9432,22154,18176,55,120,2129,0,0,0,0,0,0,0,0,0,0,32017,101190,3.86,114,34110
keanely,2.77,7.7,6.4,10,3,1,6,0,0,30,13,36,121,13,4,12,4,6,56,255510,323156,70596,81.88,139030,1944.1,5829,11427,2185,0,0,0,0,0,0,0,142840,141505,68.83,1210,22481,79333,142865,60.67,583,41799,33337,38786,73,20,6316,0,0,0,0,0
Shynon,2.64,6.7,5,6.5,0,0,0,10,0,30,11,30,94,25,2,10,5,3,61,226877,158761,27067,38,123348,1765.9,0,0,0,17659,0,226877,158761,67.4,1932,27067,0,0,0,0,0,0,0,0,0,0,0,0,0,0,0,0,0,0,0,0
Soap tastes ok,2.95,2.8,5.6,13.7,0,3,0,0,7,40,40,60,271,1,0,16,3,4,67,93727,263721,58363,43.78,96194,1870.9,0,0,5533,0,13176,0,0,0,0,0,0,0,0,0,0,0,0,0,0,0,30438,79609,4.67,90,15304,63289,184112,9.71,264,43059
NiMura,2.68,3.7,3.8,6.5,2,1,0,5,2,50,33,50,158,13,1,7,3,3,49,122602,153470,27552,103.53,101126,1543.6,3520,0,1249,7210,3457,70940,57242,70,928,8741,0,0,0,0,0,26632,45461,64.5,369,12338,5344,12202,1,54,3579,19686,38565,1.5,51,2894
Q1035716423Aries,1.5,5.5,7.8,6.2,9,1,0,0,0,20,8,26,105,7,0,13,4,2,46,173748,258330,21276,45.28,115027,1824.4,16219,0,2025,0,0,0,0,0,0,0,0,0,0,0,0,143928,226238,58.33,1481,18642,29820,32092,54,8,2634,0,0,0,0,0
iMysterious,2.52,4.5,4.6,7.1,9,0,1,0,0,40,15,36,105,4,1,10,2,3,54,168257,276086,73111,99.15,107773,1733.7,15534,1803,0,0,0,0,0,0,0,0,18673,19620,58,133,1350,149584,256466,69.22,1687,71761,0,0,0,0,0,0,0,0,0,0
Saskio,3.59,5,3.2,6.5,9,1,0,0,0,60,15,45,160,15,1,18,7,4,49,187043,246036,55641,119.93,122135,1774.9,16003,0,1746,0,0,0,0,0,0,0,0,0,0,0,0,166922,223038,68.78,1873,50767,20121,22998,6,96,4874,0,0,0,0,0
OH MY EYE,2,3.7,7.8,11.9,4,0,0,0,6,60,27,47,152,5,1,12,6,7,53,138590,290793,42066,67.6,107289,1801.8,7008,0,0,0,11010,0,0,0,0,0,0,0,0,0,0,87318,122281,73,746,28459,0,0,0,0,0,51272,168512,11.33,206,13607
Superman Rip,1.7,4,7,7.9,6,1,2,0,1,30,28,41,151,5,0,12,7,2,50,154989,210096,26207,44.72,101918,1746,10687,2808,1490,0,2475,0,0,0,0,0,26196,26608,54,292,2646,110922,134577,58.5,946,14469,11781,18956,0,77,6151,6090,29955,7,33,2941
King Kenneth,2.78,1.6,4.5,10.9,0,0,3,0,7,40,41,65,267,6,1,20,5,5,57,101271,177295,98885,51.42,97663,1949.6,0,5714,0,0,13782,0,0,0,0,0,54390,46889,67,613,3990,0,0,0,0,0,0,0,0,0,0,46881,130406,5.43,150,94895
Titan Dweevil,2.84,8.1,5.1,6.4,1,1,8,0,0,60,12,31,114,12,1,15,3,6,59,228676,188379,18611,81.82,127537,1801.8,1627,14563,1828,0,0,0,0,0,0,0,199266,156368,63.38,1393,15632,17161,15027,70,174,362,12249,16984,73,11,2617,0,0,0,0,0
EvanRL,3.94,7.5,3.3,5.5,0,0,3,7,0,70,15,27,99,18,3,16,7,2,55,208428,149197,24116,57.72,124203,1665.8,0,5053,0,11605,0,173646,103492,69.71,1431,19727,34782,45705,76,578,4389,0,0,0,0,0,0,0,0,0,0,0,0,0,0,0
Yami,2.67,5.6,5.2,8.3,0,9,1,0,0,60,1,45,103,4,4,11,4,6,60,164016,301282,90167,122.83,118310,1681.5,0,1986,14829,0,0,0,0,0,0,0,23450,24840,60,208,3310,0,0,0,0,0,140566,276442,2.89,837,86857,0,0,0,0,0
Fox BIG,3.41,1.4,4.1,12.6,1,0,1,0,8,40,54,59,303,3,0,13,1,1,67,81678,182377,48007,37.85,92632,1877.9,1824,1621,0,0,15334,0,0,0,0,0,14080,12064,63,166,1073,12406,23574,64,169,5240,0,0,0,0,0,55192,146739,6.88,227,41694
Licorice,5.75,6.3,2.8,9.8,5,5,0,0,0,80,16,29,110,15,4,18,5,8,60,190615,301443,98438,160.55,129981,1918.2,9025,0,10157,0,0,0,0,0,0,0,0,0,0,0,0,109250,146645,68.6,999,52141,81365,154798,3.8,476,46297,0,0,0,0,0
Anivia Kid,3.26,7.6,4.7,7.7,1,0,7,2,0,50,18,44,126,13,4,14,2,2,63,237547,188062,24760,114.85,144793,1942.4,1761,13551,0,4112,0,55218,36350,75.5,405,5436,166892,131522,79.43,1671,16435,15437,20190,57,177,2889,0,0,0,0,0,0,0,0,0,0
Huhi,3,6.7,4.8,7.7,0,4,3,1,2,60,18,41,196,13,2,10,3,7,54,167831,249756,57447,87.2,121702,1716.8,0,4570,6988,1857,3753,35257,25628,65,244,4063,56006,53224,66,563,6157,0,0,0,0,0,60610,115476,2,347,38499,15958,55428,9.5,101,8728
enaek,2.32,5.2,5,6.4,1,4,5,0,0,40,10,45,105,6,0,5,1,2,60,146755,199004,32686,69.4,104178,1536.8,1851,6360,7157,0,0,0,0,0,0,0,57266,67908,76.6,676,6171,16601,28761,64,201,3728,72888,102335,7.25,293,22787,0,0,0,0,0
Gillette,2.74,6.5,4.6,6.1,0,0,10,0,0,30,6,22,84,9,2,5,8,0,54,185568,177037,31579,102.07,105145,1556.3,0,15563,0,0,0,0,0,0,0,0,185568,177037,63.2,1622,31579,0,0,0,0,0,0,0,0,0,0,0,0,0,0,0
Ajido,2.61,3.3,3.6,6.1,6,0,1,0,3,50,21,40,198,8,0,14,1,8,45,196669,137802,40135,87.9,111258,1919.2,12537,1220,0,0,5435,0,0,0,0,0,12201,7302,76,160,37,165770,97991,79.83,1326,11183,0,0,0,0,0,18698,32509,4.67,57,28915
SKY Fear,3.62,5.8,4.2,9.4,0,0,2,8,0,70,6,39,157,15,3,16,3,7,54,206171,167134,37530,122.97,129338,1811.5,0,4084,0,14031,0,166334,132650,70.75,1587,30939,39837,34484,62,410,6591,0,0,0,0,0,0,0,0,0,0,0,0,0,0,0
l Spawn l,3.1,8.1,4.8,6.8,0,0,3,7,0,50,16,27,99,19,4,12,3,5,65,264752,195141,25501,53.52,134261,1796.9,0,5560,0,12409,0,205357,133199,73.29,1332,19110,59395,61942,61.33,553,6391,0,0,0,0,0,0,0,0,0,0,0,0,0,0,0
Billy Yu,4.83,5.8,3.5,11.1,9,0,0,1,0,100,28,51,162,9,2,20,10,10,53,188395,292278,72938,237.05,132834,1868.5,16299,0,0,2386,0,29802,37332,61,236,4176,0,0,0,0,0,158593,254946,66.78,1704,68762,0,0,0,0,0,0,0,0,0,0
Make A Move,3.88,4.6,3.3,8.2,9,1,0,0,0,80,39,34,173,13,1,19,2,7,48,213206,254456,60327,56.23,133308,1910.8,16937,0,2171,0,0,0,0,0,0,0,0,0,0,0,0,181946,210645,75.67,2207,44024,31260,43811,60,3,16303,0,0,0,0,0
Wolfelol,2.24,7.6,6.6,7.2,0,0,4,6,0,40,32,50,123,12,3,17,3,4,58,302948,210547,35625,76.32,129344,1919.3,0,7695,0,11498,0,208442,134592,62.17,1188,27050,94506,75955,66.25,760,8575,0,0,0,0,0,0,0,0,0,0,0,0,0,0,0
Valkrin,3.92,8.2,4,7.5,0,5,4,0,1,40,24,55,124,6,1,15,1,2,62,216859,222874,48492,58.1,134495,2052.7,0,8482,10087,0,1958,0,0,0,0,0,125825,60960,79.25,987,7591,0,0,0,0,0,81743,142643,4.4,443,37389,9291,19271,20,59,3512
goldenglue,2.88,9.2,5.8,7.5,1,5,4,0,0,50,7,60,134,8,4,12,4,7,57,233821,257944,47298,70.63,130692,1823.2,1963,7786,8483,0,0,0,0,0,0,0,105316,90598,68,775,8881,22351,41061,67,176,6161,106154,126285,16.8,314,32256,0,0,0,0,0
Noobkiller291,3.11,5.9,3.5,5,6,0,4,0,0,70,17,35,129,13,4,15,5,7,44,206109,200041,52435,63.5,132020,1772.7,11040,6687,0,0,0,0,0,0,0,0,78961,61889,69.5,874,14073,127148,138152,70.67,1439,38362,0,0,0,0,0,0,0,0,0,0
Neiloo,3.93,9.6,4.1,6.5,1,1,8,0,0,60,0,27,68,7,2,12,6,4,59,214903,185296,15969,128.22,123115,1841.6,1755,14610,2051,0,0,0,0,0,0,0,163298,147786,51.63,1339,11992,26730,16358,40,133,2144,24875,21152,51,7,1833,0,0,0,0,0
BoostedIceCream,2.26,5.3,4.2,4.2,9,0,1,0,0,50,31,43,151,15,1,12,4,8,47,211425,262664,66671,47.05,138236,1872.7,16200,2527,0,0,0,0,0,0,0,0,39274,36373,81,255,5675,172151,226291,75.44,2243,60996,0,0,0,0,0,0,0,0,0,0
Sawyerr,3.88,2.5,2.4,6.8,1,1,0,1,7,20,60,67,300,5,1,9,4,1,53,82179,194305,61922,28.45,87808,1763.8,1379,0,2025,1956,12278,15469,16472,63,232,4406,0,0,0,0,0,7343,16986,9,28,9301,13878,46473,8,86,23712,45489,114374,8.29,217,24503
AsianSGpotato,3.4,5.6,3,4.6,0,0,2,7,1,60,10,49,86,19,2,11,4,3,50,166948,176712,62088,40.43,124235,1731.5,0,3671,0,11633,2011,134311,113401,76.29,1534,18264,27748,52249,77,497,41052,0,0,0,0,0,0,0,0,0,0,4889,11062,11,64,2772
Easy,3.91,5.1,3.2,7.4,2,0,4,2,2,70,19,47,136,12,3,14,2,8,58,222444,160771,32834,47.13,122672,1772.4,2214,7610,0,4045,3855,68107,37744,59.5,528,6285,111365,60808,81,999,20721,13118,23090,51,221,2010,0,0,0,0,0,29854,39129,7,84,3818
Doublelift,3.79,7.5,3.8,6.9,0,0,0,10,0,90,23,62,124,30,0,17,2,8,49,245257,173061,34736,48.67,130043,1636.5,0,0,0,16365,0,245257,173061,81.2,2032,34736,0,0,0,0,0,0,0,0,0,0,0,0,0,0,0,0,0,0,0,0
Hide on bench,2.4,5,4.8,6.5,2,1,1,6,0,40,8,34,85,16,2,14,0,3,49,224897,210542,39007,95.4,121776,1848.9,3607,1253,1621,12008,0,180253,125939,75.33,1519,21434,0,0,0,0,0,33950,61864,66,376,13889,10694,22739,3,73,3684,0,0,0,0,0
Liquid fabbbyyy,2.55,5.6,4.9,6.9,1,0,0,9,0,30,1,40,103,18,1,4,2,2,54,213729,178448,31931,51.05,116133,1797.2,2171,0,0,15801,0,187056,153838,64.44,1619,28939,0,0,0,0,0,26673,24610,86,260,2992,0,0,0,0,0,0,0,0,0,0
Brian The is,3.82,4.1,3.4,8.9,10,0,0,0,0,80,7,33,122,12,2,17,3,9,51,180512,253066,61597,105.22,127829,1893.4,18934,0,0,0,0,0,0,0,0,0,0,0,0,0,0,180512,253066,65,2184,61597,0,0,0,0,0,0,0,0,0,0
zentinelq,3.79,7.1,4.3,9.2,0,10,0,0,0,60,16,67,147,7,2,11,2,6,62,213417,277053,99120,108.17,132221,1861.3,0,0,18613,0,0,0,0,0,0,0,0,0,0,0,0,0,0,0,0,0,213417,277053,8.9,931,99120,0,0,0,0,0
myQQ1035716423,3.38,6.2,3.4,5.3,2,6,1,1,0,50,17,32,108,10,0,8,6,4,50,148297,191258,61916,67.62,117575,1636.6,2540,1385,10450,1991,0,21605,23425,70,225,2686,6623,13338,76,138,244,20653,17599,79.5,404,784,99416,136896,4.67,550,58202,0,0,0,0,0
two and three,3.89,9.1,3.8,5.7,0,0,10,0,0,70,25,24,123,15,4,10,5,9,58,261417,200505,40565,46.3,138237,1743.8,0,17438,0,0,0,0,0,0,0,0,261417,200505,78.5,2125,40565,0,0,0,0,0,0,0,0,0,0,0,0,0,0,0
Hakuho,3.44,2.4,4.5,13.1,0,0,0,1,9,50,60,75,250,2,0,13,2,3,68,114687,161662,14044,43.32,95035,1717.1,0,0,0,1627,15544,7835,18553,57,185,2654,0,0,0,0,0,0,0,0,0,0,0,0,0,0,0,106852,143109,4.67,213,11390
SHA BI NA ADC,1.16,4.3,8.8,5.9,0,1,3,6,0,30,7,36,121,9,1,10,1,5,49,186599,220809,22459,24.02,106186,1716.8,0,5507,1241,10420,0,112629,132865,58.5,1066,16637,60350,69783,60,559,5190,0,0,0,0,0,13620,18161,50,1,632,0,0,0,0,0
MrJuneJune,4.47,5.7,3.4,9.5,1,6,3,0,0,80,10,36,96,10,3,10,3,1,60,167897,253487,82295,90.4,111188,1680.2,1216,4894,10692,0,0,0,0,0,0,0,67488,54422,62,499,5405,9512,12965,55,116,1144,90897,186100,3.83,424,75746,0,0,0,0,0
Like a Ninja,3.13,5.6,4.6,8.8,0,1,6,1,2,40,26,44,180,8,0,7,2,6,61,201684,237746,38361,48.13,121344,1784.4,0,9800,1950,2226,3868,36385,24514,59,256,4520,130609,124327,76.17,1321,18404,0,0,0,0,0,14870,32686,2,88,8409,19820,56219,10.5,73,7028
ApoIlo Price,4.17,6.7,4.1,10.4,0,0,0,8,2,70,28,24,141,25,3,17,4,4,62,173318,183303,60610,36.9,121937,1663.2,0,0,0,13182,3450,157330,124563,72.5,1512,42231,0,0,0,0,0,0,0,0,0,0,0,0,0,0,0,15988,58740,10.5,79,18379
caaaaaaaaaaaaake,2.98,7.1,4.9,7.5,0,1,3,6,0,40,17,50,106,14,1,10,4,3,61,204690,208497,25532,72.47,126058,1750.3,0,6849,1410,9244,0,106003,97275,71.17,1036,15755,82146,97875,69.33,789,7142,0,0,0,0,0,16541,13347,79,15,2635,0,0,0,0,0
Banana Baileys,2.27,6.5,5.6,6.2,5,0,5,0,0,60,7,98,90,15,2,16,3,8,51,248278,231342,20092,57.6,147949,1972.4,9722,10002,0,0,0,0,0,0,0,0,113172,120663,79.4,1302,9258,135106,110679,82.6,1439,10834,0,0,0,0,0,0,0,0,0,0
WEQ,1.58,6.7,7.3,4.8,3,6,1,0,0,50,1,36,86,9,1,17,5,2,53,187922,254159,68667,78.52,117366,1694.2,4331,2185,10426,0,0,0,0,0,0,0,29301,30979,54,188,6868,26529,61426,50.67,358,5563,132092,161754,5.17,621,56236,0,0,0,0,0
cdee,2.21,1.9,6.2,11.8,0,0,1,1,8,40,28,61,275,5,1,15,4,3,52,68192,206566,16063,53.5,84652,1807.3,0,1301,0,1546,15226,13152,14396,65,149,2321,2827,15969,3,5,1,0,0,0,0,0,0,0,0,0,0,52213,176201,10.63,237,13741
TM8,3.55,7,4.4,8.6,0,2,0,8,0,40,20,44,124,11,1,10,2,3,63,231658,177024,41708,56.48,125781,1778.1,0,0,3376,14405,0,198999,130423,62.38,1623,21970,0,0,0,0,0,0,0,0,0,0,32659,46601,10,175,19738,0,0,0,0,0
An Obese Panda,2.78,5.5,4.9,8.1,0,9,1,0,0,40,22,36,122,6,1,5,0,2,53,125646,252656,54864,120.65,101887,1587.8,0,1932,13946,0,0,0,0,0,0,0,16546,28308,68,179,1653,0,0,0,0,0,109100,224348,3.56,590,53211,0,0,0,0,0
Lets Do Our Best,2.35,5.7,4.8,5.6,5,2,3,0,0,50,26,34,117,11,3,14,2,5,55,192065,236375,45995,116.62,115823,1732,8938,5232,3150,0,0,0,0,0,0,0,57592,55296,69.67,612,6981,94483,141338,74.2,1004,31407,39990,39741,44,102,7607,0,0,0,0,0
AAAAAHHHHHHHH,2.6,3.2,4.8,9.3,0,6,0,0,4,40,28,53,135,4,1,15,5,4,57,92723,215653,53029,77.72,89536,1590.8,0,0,9355,0,6553,0,0,0,0,0,0,0,0,0,0,0,0,0,0,0,55272,146973,3.33,339,44368,37451,68680,8.25,132,8661
Janna Mechanics,4.89,1.4,2.7,11.8,0,0,0,0,10,30,22,59,282,3,0,7,2,3,68,78621,109674,70491,39.07,87329,1792.6,0,0,0,0,17926,0,0,0,0,0,0,0,0,0,0,0,0,0,0,0,0,0,0,0,0,78621,109674,5.5,332,70491
qldurtms,4.7,7.3,3,6.8,1,1,8,0,0,60,24,35,138,13,2,11,1,1,59,215229,190545,31389,55.93,125686,1623.6,2281,12601,1354,0,0,0,0,0,0,0,182016,140314,78.5,1681,26101,20410,38398,83,262,4694,12803,11833,89,10,594,0,0,0,0,0
hogoogo,5.35,3.8,2.3,8.5,5,0,0,1,4,90,18,21,154,8,3,9,4,3,47,131108,169915,41214,38.85,100986,1565.7,8333,0,0,2027,5297,26120,16760,65,244,2592,0,0,0,0,0,83325,112606,72.2,964,31585,0,0,0,0,0,21663,40549,10.5,102,7037
TransIogic,3.34,7.6,5,9.1,0,2,6,0,2,70,34,63,185,10,1,16,2,4,59,209817,235862,47655,69.42,128472,1876.4,0,11556,4086,0,3122,0,0,0,0,0,154291,141650,67.17,1269,28001,0,0,0,0,0,30679,69133,5,142,16975,24847,25079,2,28,2679
Pure EZ,3.05,0.6,4.2,12.2,0,0,1,0,9,60,86,80,283,4,0,20,10,11,47,54291,193628,39051,38.93,94007,2028.8,0,2445,0,0,17843,0,0,0,0,0,0,476,1,1,43,0,0,0,0,0,0,0,0,0,0,54291,193152,7.33,250,39008
The Tank Man,1.74,1.2,6.2,9.6,0,0,1,0,9,20,9,50,214,1,0,8,2,3,54,73955,173395,43074,20.22,84088,1762.6,0,2185,0,0,15441,0,0,0,0,0,22618,27067,79,238,1563,0,0,0,0,0,0,0,0,0,0,51337,146328,2.33,96,41511
Rikara,5.46,7,2.4,6.1,0,3,1,6,0,70,25,42,104,12,3,12,4,6,59,172399,165512,47014,69.62,121384,1658.2,0,1496,4644,10442,0,122929,90370,76.5,1285,20866,14500,14224,79,158,1151,0,0,0,0,0,34970,60918,10,238,24997,0,0,0,0,0
Diamond,3.58,6.5,4,7.8,1,0,3,6,0,50,16,40,93,22,7,17,1,4,55,256841,178905,27363,97.85,130678,1924.7,1657,6062,0,11528,0,160632,106184,77,1268,17778,81454,50035,75,759,8068,14755,22686,46,166,1517,0,0,0,0,0,0,0,0,0,0
DW shernfire ROC,2.15,4.7,5.2,6.5,0,9,1,0,0,30,32,48,143,2,0,7,2,1,62,152674,208864,75375,69.65,91527,1455.7,0,1229,13328,0,0,0,0,0,0,0,11748,17336,42,109,698,0,0,0,0,0,140926,191528,8.22,652,74677,0,0,0,0,0
scarra,3.19,5.5,4.8,9.8,1,4,4,0,1,60,27,83,171,8,1,18,3,7,55,218105,282108,64562,185.05,124346,2010.7,1524,8707,8110,0,1766,0,0,0,0,0,139619,113678,64,799,26391,12023,15440,51,169,6147,53890,133362,3.25,328,27706,12573,19628,2,8,4318
Score,2.21,3.9,4.8,6.7,3,4,1,2,0,30,31,24,124,6,0,8,1,3,52,151393,207983,33050,70.22,89941,1550.4,5065,1579,4958,3902,0,58171,42952,63,343,7381,13053,23008,61,136,1433,48507,73816,50.67,395,8513,31662,68207,8,164,15723,0,0,0,0,0
OMG pop,2.85,4.4,4,7,8,2,0,0,0,60,14,62,142,12,4,12,0,3,51,161587,273746,87069,229.7,115454,1719.6,13461,0,3735,0,0,0,0,0,0,0,0,0,0,0,0,128075,215434,61.75,1525,68585,33512,58312,5,188,18484,0,0,0,0,0
Abusingthesystem,2.23,7.9,5.6,4.6,0,9,1,0,0,40,6,37,94,3,2,12,5,2,58,174196,249143,71323,97.82,110540,1640.3,0,2224,14179,0,0,0,0,0,0,0,23761,29823,5,47,11207,0,0,0,0,0,150435,219320,4.22,720,60116,0,0,0,0,0
BOOMSHAKALAKAAAA,4.8,8.9,3.5,7.9,0,10,0,0,0,70,3,44,122,10,1,15,2,5,67,213608,273729,92681,102.85,127538,1640.5,0,0,16405,0,0,0,0,0,0,0,0,0,0,0,0,0,0,0,0,0,213608,273729,4.3,923,92681,0,0,0,0,0
Annie Bot,3.35,5.6,4,7.8,6,0,4,0,0,70,7,20,109,12,2,11,1,7,51,177060,146180,14276,57.88,116910,1773,10700,7030,0,0,0,0,0,0,0,0,71725,50669,65.5,733,5087,105335,95511,72,1124,9189,0,0,0,0,0,0,0,0,0,0
C10 Meteos,2.71,6.5,4.9,6.8,1,5,2,1,1,60,15,55,126,9,1,11,4,8,51,170465,268947,79518,108.75,126574,1799.6,1875,3297,9353,1439,2032,7812,15762,66,161,1531,36514,43070,61,384,8115,12793,19058,55,227,3775,106219,167940,3.4,512,61279,7127,23117,1,9,4818
Im Papa Chau,4.32,2.4,3.8,14,1,0,0,1,8,60,29,68,245,9,0,12,3,7,68,108159,190807,49869,41.97,98215,1808.4,2171,0,0,1653,14260,22631,15794,76,212,2443,0,0,0,0,0,6686,18904,6,18,14193,0,0,0,0,0,78842,156109,8.13,246,33233
Jeem,3.66,6,4.4,10.1,0,0,1,8,1,60,9,47,141,17,4,13,3,5,59,203985,157282,31756,102.97,122383,1774.1,0,1355,0,14040,2346,187840,129619,68.25,1471,23910,8822,9266,52,140,684,0,0,0,0,0,0,0,0,0,0,7323,18397,2,23,7162
maplestreet LFT,3.79,5,3.9,9.8,0,0,0,10,0,60,9,53,99,20,3,12,1,5,59,211722,148304,29008,10.4,123639,1658.4,0,0,0,16584,0,211722,148304,69.7,2200,29008,0,0,0,0,0,0,0,0,0,0,0,0,0,0,0,0,0,0,0,0
kT Smurf,1.59,3.3,5.4,5.3,6,0,4,0,0,30,13,5,71,4,0,5,3,5,44,157935,218610,14962,184.07,96075,1626.1,10329,5932,0,0,0,0,0,0,0,0,59444,66414,73.5,692,5056,98491,152196,54.83,940,9906,0,0,0,0,0,0,0,0,0,0
OmarGod,3.76,7,4.2,8.8,1,7,0,1,1,90,12,46,111,10,3,19,4,9,57,160211,263523,71298,90.37,116272,1707.1,1437,0,11648,2175,1811,21447,20360,55,209,2959,0,0,0,0,0,10378,22346,65,125,4772,116947,190782,3.71,450,58182,11439,30035,8,29,5385
Super QQQ,2,5.1,6.5,7.9,6,1,3,0,0,30,10,14,126,6,0,21,4,4,49,195621,251221,30077,129.22,123304,1970.5,11838,6016,1851,0,0,0,0,0,0,0,52275,69379,71,581,8130,130343,154853,60.33,1219,15454,13003,26989,7,63,6493,0,0,0,0,0
sexycan,1.97,5.9,6.3,6.5,6,2,1,0,1,70,8,12,117,17,7,15,6,8,48,224063,273565,78904,91.63,126309,1775.8,11745,1340,2787,0,1886,0,0,0,0,0,9063,9669,46,122,1356,177737,205592,68.67,1483,66123,30805,40797,10.5,156,9919,6458,17507,0,35,1506
 1035716423qqqq,1.59,3.8,6.4,6.4,0,5,5,0,0,40,32,55,111,6,1,14,5,5,46,161970,208096,41778,58.72,105202,1649,0,7855,8635,0,0,0,0,0,0,0,84189,91779,67.2,810,7323,0,0,0,0,0,77781,116317,15.8,329,34455,0,0,0,0,0
TheeBrandini,2.64,6.5,5.3,7.5,10,0,0,0,0,50,34,29,189,7,1,17,7,11,53,210063,325041,58789,121.67,138914,2000.8,20008,0,0,0,0,0,0,0,0,0,0,0,0,0,0,210063,325041,66.6,2356,58789,0,0,0,0,0,0,0,0,0,0
Lackless,3.69,6,3.6,7.3,2,8,0,0,0,70,13,59,120,13,0,12,4,8,55,155009,286305,90706,128.92,122625,1887.7,3821,0,15056,0,0,0,0,0,0,0,0,0,0,0,0,38702,57341,59.5,438,13497,116307,228964,4.88,655,77209,0,0,0,0,0
Quantum Fizzics,5.3,5.2,3.3,12.3,1,1,3,0,5,60,32,68,196,5,1,16,0,7,67,188980,235997,124287,85.95,122890,2051,2250,5993,1964,0,10303,0,0,0,0,0,94025,57046,73.67,654,8062,23386,45005,69,201,16929,17328,36352,14,115,42138,54241,97594,7,181,57158
teradcujn,5.09,6.5,3.2,9.8,2,1,0,7,0,90,1,23,83,25,4,16,5,7,56,169082,245066,63515,140.67,136828,1872.2,4193,0,1514,13015,0,119163,126078,70.14,1376,21299,0,0,0,0,0,39148,87496,76,575,27687,10771,31492,1,76,14529,0,0,0,0,0
Aranium,3.58,5.3,3.6,7.6,2,1,3,3,1,60,20,38,130,15,1,12,3,4,54,190506,205927,44450,76.77,122911,1802.5,3901,5294,1842,5160,1828,79792,49114,63.33,587,9861,38116,45625,71.33,610,4099,50121,71122,60,374,20963,14667,25116,1,92,7152,7810,14950,5,14,2375
Chody Walrus,3.98,4.7,4.2,12,1,9,0,0,0,50,33,58,160,6,0,17,2,8,67,169877,337432,121677,156.08,126394,2043.9,1195,0,19244,0,0,0,0,0,0,0,0,0,0,0,0,11073,19833,42,71,3084,158804,317599,7,880,118593,0,0,0,0,0
cccccccccccccake,4.05,6.5,3.9,9.3,0,1,2,7,0,80,16,18,93,19,1,13,10,5,54,195836,152240,25051,51.42,110532,1539.1,0,3959,1203,10229,0,121657,94523,66.14,997,17834,60471,48493,59,383,5036,0,0,0,0,0,13708,9224,77,3,2181,0,0,0,0,0
Pekin Woof,3.34,5.4,3.2,5.3,2,0,7,1,0,70,22,27,122,11,1,9,2,4,49,181532,170089,37436,44.08,111948,1633.4,4167,10566,0,1601,0,25454,15684,62,170,3158,101840,105386,75.17,1202,24214,54238,49019,68,552,10064,0,0,0,0,0,0,0,0,0,0
fallenbandit,3.16,5.3,5,10.5,7,0,0,1,2,60,19,52,192,17,2,15,1,2,63,225649,246937,75685,63.05,131380,1967.7,13961,0,0,2161,3555,14370,20376,44,250,4962,0,0,0,0,0,199908,195524,62.86,1588,48980,0,0,0,0,0,11371,31037,9.5,62,21743
MBR Solo,1.98,3.5,5,6.4,9,1,0,0,0,40,13,33,119,6,1,11,1,3,50,190404,257501,48120,205.23,113583,1701.7,14852,0,2165,0,0,0,0,0,0,0,0,0,0,0,0,149414,218938,73.22,1910,39172,40990,38563,14,120,8948,0,0,0,0,0
BestGravesCnMA,5.46,5.4,2.4,7.7,0,8,0,2,0,60,18,45,125,17,3,13,6,6,65,153427,211131,91593,113.18,118438,1689.8,0,0,13153,3745,0,39000,32180,68.5,426,5064,0,0,0,0,0,0,0,0,0,0,114427,178951,10.75,725,86529,0,0,0,0,0
Knight Lance,2.5,2.9,5,9.6,2,0,1,3,4,40,16,22,157,4,1,11,2,4,56,133948,208644,50472,83.87,99005,1772.2,3682,1212,0,4914,7914,64609,56976,60.33,450,10249,5904,13170,72,111,1256,40086,50208,68,386,11207,0,0,0,0,0,23349,88290,8.25,118,27760
hi im gosu,1.84,4.8,5.8,5.9,0,0,2,6,2,50,5,35,142,15,0,13,1,6,48,150612,200066,26394,35.18,113294,1731.6,0,3322,0,10011,3983,98344,103536,77.67,1202,11986,37559,39500,69.5,348,4257,0,0,0,0,0,0,0,0,0,0,14709,57030,15,94,10151
BillysBoss,2.9,4.5,4.2,7.7,8,0,1,0,1,40,25,29,154,7,0,11,6,4,53,167831,270899,60760,71.35,115910,1818.3,14087,2397,0,0,1699,0,0,0,0,0,26193,35829,65,207,4368,138367,215917,65.5,1629,49486,0,0,0,0,0,3271,19153,11,45,6906
Bischu,3.18,2.4,5.5,15.1,0,0,1,1,8,50,72,84,293,1,0,16,4,5,65,101551,232945,57910,34.1,101242,1923.5,0,1506,0,2733,14996,9013,39144,18,69,17317,14798,12316,68,145,1498,0,0,0,0,0,0,0,0,0,0,77740,181485,8,275,39095
TheAirIsDry,4.76,1.9,3.4,14.3,0,2,0,1,7,60,31,56,209,3,0,13,5,8,70,88695,166984,53374,31.95,97973,1849.8,0,0,3395,2431,12672,30902,20337,40,188,4192,0,0,0,0,0,0,0,0,0,0,16357,34649,6,63,10012,41436,111998,4.86,144,39170
XinxinQ,3.52,3,2.7,6.5,2,0,5,1,2,50,24,42,115,3,2,11,3,1,46,97362,112324,19653,41.23,90580,1514.1,2631,6880,0,1688,3942,12148,10825,40,160,2078,63862,42325,72,819,4142,8798,25445,49.5,193,1671,0,0,0,0,0,12554,33729,5,78,11762
C9 Jensen,2.3,7.2,6.6,8,0,0,9,1,0,40,15,21,79,6,0,11,3,3,53,249517,217605,30278,182.57,124176,1769.5,0,15895,0,1800,0,23572,32385,70,168,1546,225945,185220,70.22,1722,28732,0,0,0,0,0,0,0,0,0,0,0,0,0,0,0
migukgirl,2.59,5.9,4.9,6.8,2,0,5,1,2,40,20,36,156,6,0,11,4,2,51,174357,211323,26002,46.38,115733,1813.5,4192,9253,0,1302,3388,8555,7615,64,149,1255,107408,110766,71.2,1076,16354,47033,51688,51,468,3682,0,0,0,0,0,11361,41254,9,72,4711
HoldpiggInHandxf,2.02,3.7,5.1,6.6,5,0,2,2,1,50,10,38,137,5,1,9,5,4,49,146889,204063,41124,71.8,102235,1628.8,7711,3294,0,3107,2176,34464,28854,64.5,334,5000,23431,36496,56.5,292,6460,78890,104439,70.2,875,25793,0,0,0,0,0,10104,34274,9,48,3871
Bombay Kitten,2.06,4.3,5.3,6.6,6,0,1,2,1,50,19,29,126,9,2,11,5,6,48,160548,189252,22047,42.43,106989,1685.4,11014,1434,0,3072,1334,28139,20595,77,350,3485,7902,21874,67,150,3651,116154,137525,62.33,1060,14816,0,0,0,0,0,8353,9258,8,23,95
