"SummonerName","rankScore","KDA","AvgKills","AvgDeaths","AvgAssists","TOP_played","JUNGLE_played","MID_played","ADC_played","SUPPORT_played","WinRate","VisionWards","WardsKilled","WardsPlaced","TowersKilled","InhibitorKills","DragonsKilled","RiftHeraldKilled","BaronKilled","KillContribution","TotalDamageDealtToChampions","TotalDamageTaken","TotalHeal","CCDuration","GoldEarned","AvgGameLength","PlayedLength_TOP","PlayedLength_MID","PlayedLength_JG","PlayedLength_ADC","PlayedLength_SUP","D_ADC","DT_ADC","CS_zeroToTen_ADC","CS_ADC","H_ADC","G_ADC","K_ADC","De_ADC","A_ADC","VW_ADC","WK_ADC","WP_ADC","KC_ADC","KDA_ADC","WinRate_ADC","CC_ADC","FBContribution_ADC","KillSprees_ADC","LargestKillingSpree_ADC","CSDiffPerMin_zeroToTen_ADC","XPPerMin_zeroToTen_ADC","XPPerMin_zeroToThirty_ADC","XPDiffPerMin_zeroToTen_ADC","XPDiffPerMin_tenToTwenty_ADC","XPDiffPerMin_twentyToThirty_ADC","TeamGoldPercent_ADC","TeamDamagePercent_ADC","D_MID","DT_MID","CS_zeroToTen_MID","CS_MID","H_MID","G_MID","K_MID","De_MID","A_MID","VW_MID","WK_MID","WP_MID","KC_MID","KDA_MID","WinRate_MID","CC_MID","FBContribution_MID","KillSprees_MID","LargestKillingSpree_MID","CSDiffPerMin_zeroToTen_MID","XPPerMin_zeroToTen_MID","XPPerMin_zeroToThirty_MID","XPDiffPerMin_zeroToTen_MID","XPDiffPerMin_tenToTwenty_MID","XPDiffPerMin_twentyToThirty_MID","TeamGoldPercent_MID","TeamDamagePercent_MID","D_TOP","DT_TOP","CS_zeroToTen_TOP","CS_TOP","H_TOP","G_TOP","K_TOP","De_TOP","A_TOP","VW_TOP","WK_TOP","WP_TOP","KC_TOP","KDA_TOP","WinRate_TOP","CC_TOP","FBContribution_TOP","KillSprees_TOP","LargestKillingSpree_TOP","CSDiffPerMin_zeroToTen_TOP","XPPerMin_zeroToTen_TOP","XPPerMin_zeroToThirty_TOP","XPDiffPerMin_zeroToTen_TOP","XPDiffPerMin_tenToTwenty_TOP","XPDiffPerMin_twentyToThirty_TOP","TeamGoldPercent_TOP","TeamDamagePercent_TOP","D_JG","DT_JG","CS_zeroToTen_JG","CS_JG","H_JG","G_JG","K_JG","De_JG","A_JG","VW_JG","WK_JG","WP_JG","KC_JG","KDA_JG","WinRate_JG","CC_JG","FBContribution_JG","KillSprees_JG","LargestKillingSpree_JG","CSDiffPerMin_zeroToTen_JG","XPPerMin_zeroToTen_JG","XPPerMin_zeroToThirty_JG","XPDiffPerMin_zeroToTen_JG","XPDiffPerMin_tenToTwenty_JG","XPDiffPerMin_twentyToThirty_JG","TeamGoldPercent_JG","TeamDamagePercent_JG","D_SUP","DT_SUP","CS_zeroToTen_SUP","CS_SUP","H_SUP","G_SUP","K_SUP","De_SUP","A_SUP","VW_SUP","WK_SUP","WP_SUP","KC_SUP","KDA_SUP","WinRate_SUP","CC_SUP","FBContribution_SUP","KillSprees_SUP","LargestKillingSpree_SUP","CSDiffPerMin_zeroToTen_SUP","XPPerMin_zeroToTen_SUP","XPPerMin_zeroToThirty_SUP","XPDiffPerMin_zeroToTen_SUP","XPDiffPerMin_tenToTwenty_SUP","XPDiffPerMin_twentyToThirty_SUP","TeamGoldPercent_SUP","TeamDamagePercent_SUP"
"Nanashi",907,4.69,5,2.9,8.6,7,0,1,0,2,70,13,44,89,5,4,18,3,4,48,145078,201830,13814,1712,111500,1792.5,11591,1978,0,0,4356,0,0,0,0,0,0,0,0,0,0,0,0,0,0,0,0,0,0,0,0,0,0,0,0,0,0,0,14099,21752,78,184,547,13805,6,3,11,1,0,9,0.39,5.67,100,144,0,1,3,1,450.3,1363.5,2.7,95.6,-81.7,0.2,0.15,109415,126369,61.57,1180,4272,76978,41,16,41,3,38,40,0.48,5.13,71.43,1350,28.57,1.14,3.29,0.06,422.16,3530.05,-23.84,85.35,161.85,0.22,0.23,0,0,0,0,0,0,0,0,0,0,0,0,0,0,0,0,0,0,0,0,0,0,0,0,0,0,0,21564,53709,10,83,8995,20717,3,10,34,9,6,40,0.55,3.7,50,218,0,0.5,1,-0.43,268.55,991.45,-35.05,61.2,108.2,0.15,0.1
"MicroDiamond",761,1.27,4.40,10.70,9.20,3,1,0,4,2,40,11, 30, 145, 14, 0, 20,3,9,44, 166540, 336666, 56331, 38.20, 118635,2124.9,6339,0,2136,8546,4228,83719,97189,59.25,769,12984,51716,21,44,35,2,13,50,0.48,1.27,50.00,440,0.00,1.25,1.75,0.24,296.70,1244.33,5.06,-44.20,-71.28,0.20,0.21,0,0,0,0,0,0,0,0,0,0,0,0,0,0,0,0,0,0,0,0,0,0,0,0,0,0,0,53733,140747,58.33,456,28820,36219,17,34,14,4,4,45,0.34,0.91,33.33,1087,66.67,0.67,2.00,0.97,451.97,1196.43,36.43,-89.27,-119.07,0.19,0.20,14639,33473,0.00,67,6078,12117,6,12,7,1,5,3,0.48,1.08,0.00,501,0.00,1.00,3.00,-0.60,269.70,1154.20,-67.00,-19.20,158.40,0.18,0.13,14449,65257,6.50,52,8449,18583,0,17,36,4,8,47,0.46,2.12,50.00,264,0.00,0.00,0.00,0.50,250.25,899.00,35.43,95.85,22.85,0.14,0.06,
"Aetherion",700,1.52,4.40,6.90,6.10,0,4,0,5,1,20,0, 29, 78, 10, 1, 12,0,3,45, 151888, 229462, 39314, 51.28, 110797,1995.9,0,0,7964,10282,1713,91562,97484,71.20,1031,13800,61441,27,31,26,0,14,36,0.44,1.71,20.00,847,0.00,1.20,1.80,0.00,294.52,1094.30,4.87,-38.74,-28.31,0.21,0.21,0,0,0,0,0,0,0,0,0,0,0,0,0,0,0,0,0,0,0,0,0,0,0,0,0,0,0,0,0,0,0,0,0,0,0,0,0,0,0,0,0,0,0,0,0,0,0,0,0,0,0,0,0,0,55551,112588,1.00,224,23575,42462,17,30,29,0,13,27,0.48,1.53,25.00,2001,0.00,0.75,1.25,-0.20,266.28,1633.05,-67.63,-194.22,23.50,0.19,0.15,4775,19390,10.00,32,1939,6894,0,8,6,0,2,15,0.32,0.75,0.00,229,0.00,0.00,0.00,-0.70,271.70,0,-45.65,-141.65,0,0.15,0.06,
"UpsetSloth",871,1.91,6.50,7.60,8.00,2,1,0,4,3,50,2, 14, 142, 7, 1, 25,5,4,43, 196140, 230784, 66395, 61.07, 113622,1898.6,3530,0,1638,7851,5967,89206,79420,48.25,620,10699,51130,40,30,20,1,4,48,0.41,2.00,50.00,878,0.00,2.25,3.00,0.47,294.07,1336.57,-16.13,16.68,-53.37,0.21,0.22,0,0,0,0,0,0,0,0,0,0,0,0,0,0,0,0,0,0,0,0,0,0,0,0,0,0,0,34833,53466,64.00,316,30783,21015,8,15,13,0,3,22,0.46,1.40,50.00,519,0.00,0.50,1.50,1.90,483.45,2096.00,102.60,-84.60,-185.50,0.21,0.23,12715,23612,9.00,60,17203,11032,6,3,10,0,2,7,0.41,5.33,100.00,309,0.00,1.00,5.00,0.90,300.80,0,-15.20,111.20,0,0.18,0.13,59386,74286,8.67,143,7710,30445,11,28,37,1,5,65,0.46,1.71,33.33,1958,0.00,1.00,1.00,0.13,234.53,1329.40,-5.97,31.90,0.30,0.17,0.20,
"Rosen Shock",733,1.68,10.60,11.30,8.40,3,7,0,0,0,40,0, 33, 117, 11, 7, 17,0,6,48, 342863, 342795, 44611, 124.80, 155021,2454.3,7316,0,17227,0,0,0,0,0,0,0,0,0,0,0,0,0,0,0,0,0,0,0,0,0,0,0,0,0,0,0,0,0,0,0,0,0,0,0,0,0,0,0,0,0,0,0,0,0,0,0,0,0,0,0,0,0,0,0,0,96622,86174,55.67,422,2297,40879,13,28,21,0,7,30,0.27,1.21,66.67,2056,33.33,1.67,1.67,-0.10,410.47,1650.95,-14.80,-129.23,-210.60,0.17,0.18,246241,256621,2.00,459,42314,114142,93,85,63,0,26,87,0.57,1.84,28.57,5432,71.43,2.86,3.00,-0.04,245.61,1348.27,-67.31,-0.93,-28.93,0.22,0.23,0,0,0,0,0,0,0,0,0,0,0,0,0,0,0,0,0,0,0,0,0,0,0,0,0,0,0,
"Sotofu",800,2.98,6.70,6.20,11.80,1,4,0,4,1,60,0, 18, 98, 9, 4, 20,0,5,56, 213305, 269010, 84274, 65.22, 125815,2031.2,1886,0,7845,8394,2187,100433,91305,52.00,628,24442,54066,37,25,39,0,5,29,0.55,3.04,75.00,647,0.00,2.50,3.00,0.57,281.92,1363.13,-1.91,-37.96,107.22,0.20,0.22,0,0,0,0,0,0,0,0,0,0,0,0,0,0,0,0,0,0,0,0,0,0,0,0,0,0,0,21168,17503,62.00,177,9757,11904,4,2,8,0,5,8,0.39,6.00,100.00,86,0.00,1.00,2.00,2.30,499.20,1526.00,86.90,68.00,-26.20,0.19,0.25,76407,127582,0.25,332,45369,47539,25,30,41,0,5,41,0.55,2.20,25.00,2118,0.00,1.75,2.25,-0.28,325.70,1477.40,1.33,-15.53,-22.43,0.21,0.21,15297,32620,9.00,40,4706,12306,1,5,30,0,3,20,0.74,6.20,100.00,1062,0.00,0.00,0.00,1.30,279.90,1065.70,35.95,-104.55,60.15,0.17,0.14,
"TediousStar",639,1.33,5.60,7.60,4.50,5,5,0,0,0,10,4, 20, 71, 6, 1, 16,2,2,43, 140202, 345629, 45132, 151.87, 119093,2063.1,9576,0,11055,0,0,0,0,0,0,0,0,0,0,0,0,0,0,0,0,0,0,0,0,0,0,0,0,0,0,0,0,0,0,0,0,0,0,0,0,0,0,0,0,0,0,0,0,0,0,0,0,0,0,0,0,0,0,0,0,71804,170935,53.80,920,7223,54255,24,33,14,2,7,22,0.46,1.15,0.00,3750,20.00,1.00,1.60,-0.80,398.68,2719.65,-41.38,10.44,-48.45,0.22,0.21,68398,174694,1.00,454,37909,64838,32,43,31,2,13,49,0.41,1.47,20.00,5362,0.00,1.60,2.40,-0.08,318.42,1319.98,-29.58,-12.96,-37.54,0.20,0.14,0,0,0,0,0,0,0,0,0,0,0,0,0,0,0,0,0,0,0,0,0,0,0,0,0,0,0,
"Rugved",718,2.15,7.30,8.90,11.80,2,2,1,1,4,40,3, 40, 160, 5, 2, 18,4,3,61, 216901, 284713, 60145, 74.40, 130763,2032.8,4631,2100,3929,2064,7604,8449,32401,23.00,50,3968,10201,5,10,10,0,8,14,0.58,1.50,0.00,443,100.00,1.00,2.00,3.10,261.80,807.80,-42.95,-24.25,-42.20,0.18,0.11,24784,26456,68.00,202,3236,17033,10,9,8,0,3,10,0.53,2.00,100.00,325,0.00,3.00,3.00,2.70,405.80,1398.20,-35.20,-34.80,296.90,0.23,0.27,88299,76199,70.50,476,16454,37367,21,18,29,1,3,29,0.57,2.78,100.00,1401,50.00,1.50,3.00,3.10,496.45,1567.45,67.15,88.20,77.95,0.23,0.31,37257,61052,3.00,108,13088,24522,20,17,27,2,12,29,0.71,2.76,0.00,939,0.00,3.00,4.00,0.00,291.80,2060.50,-34.75,13.25,0.00,0.21,0.19,58112,88605,7.25,187,23399,41640,17,35,44,0,14,78,0.60,1.74,25.00,1356,50.00,0.50,1.00,-0.55,243.22,1272.97,-18.80,-41.79,4.10,0.19,0.18,
"Jmack13",868,2.61,6.10,5.60,8.50,2,5,0,3,0,70,0, 7, 56, 12, 1, 17,1,5,46, 210785, 284802, 79115, 65.15, 136577,2084.5,2945,0,11492,6408,0,63553,53226,58.00,710,8843,43608,21,19,28,0,1,18,0.49,2.58,66.67,247,0.00,1.67,3.33,0.27,284.23,1472.35,-1.67,12.05,2.70,0.22,0.19,0,0,0,0,0,0,0,0,0,0,0,0,0,0,0,0,0,0,0,0,0,0,0,0,0,0,0,20231,38938,68.00,357,4890,17753,6,5,1,0,0,6,0.21,1.40,50.00,415,0.00,0.50,2.00,0.80,452.60,0,32.60,-12.75,0,0.22,0.20,127001,192638,0.00,520,65382,75216,34,32,56,0,6,32,0.49,2.81,80.00,3247,0.00,1.60,2.60,-0.26,341.78,1590.33,-7.76,103.40,-15.40,0.20,0.19,0,0,0,0,0,0,0,0,0,0,0,0,0,0,0,0,0,0,0,0,0,0,0,0,0,0,0,
"Old Driver Kiri",859,2.55,5.40,5.80,9.40,0,2,0,5,3,50,4, 25, 117, 3, 1, 16,2,4,46, 155494, 253603, 45029, 126.72, 132852,2196,0,0,4785,10979,6196,114900,130234,54.20,996,13193,80419,49,38,37,3,11,59,0.51,2.26,40.00,1191,0.00,2.00,5.40,0.00,281.62,1183.62,-10.07,49.55,16.71,0.24,0.23,0,0,0,0,0,0,0,0,0,0,0,0,0,0,0,0,0,0,0,0,0,0,0,0,0,0,0,0,0,0,0,0,0,0,0,0,0,0,0,0,0,0,0,0,0,0,0,0,0,0,0,0,0,0,27745,87247,3.00,174,18038,26160,5,11,31,0,7,22,0.65,3.27,50.00,6163,0.00,1.00,2.00,0.20,359.05,1229.75,-7.70,-121.35,0.20,0.19,0.14,12849,36122,5.00,36,13798,26273,0,9,26,1,7,36,0.26,2.89,66.67,249,0.00,0.00,0.00,0.42,269.47,1011.35,-19.83,21.62,57.25,0.14,0.05,
"Alexsaur22",700,2.22,3.00,5.50,9.20,0,0,1,6,3,30,4, 22, 147, 8, 1, 13,1,1,49, 120787, 170157, 64830, 36.58, 102004,1929.6,0,1747,0,10531,7018,79461,96139,63.17,959,16384,61319,25,29,42,2,7,55,0.47,2.31,50.00,1007,33.33,1.17,2.33,0.00,291.12,1800.67,-5.33,18.62,21.93,0.20,0.20,18876,16111,64.00,169,1402,10223,3,5,9,0,2,10,0.67,2.40,0.00,365,0.00,1.00,2.00,-0.40,404.00,0,-15.20,-24.70,0,0.23,0.25,0,0,0,0,0,0,0,0,0,0,0,0,0,0,0,0,0,0,0,0,0,0,0,0,0,0,0,0,0,0,0,0,0,0,0,0,0,0,0,0,0,0,0,0,0,0,0,0,0,0,0,0,0,0,22450,57907,1.67,41,47044,30462,2,21,41,2,13,82,0.49,2.05,0.00,823,0.00,0.00,0.00,-0.33,278.17,913.20,13.22,-39.02,-2.72,0.15,0.07,
"DEAD 95",566,2.63,6.70,7.20,12.20,0,1,5,1,3,40,5, 13, 203, 8, 1, 18,1,5,56, 192562, 259552, 51689, 63.12, 115461,2098.3,0,10248,2278,1214,7243,4206,13436,12.00,17,3179,4209,0,6,1,0,2,10,0.20,0.17,0.00,152,0.00,0.00,0.00,0.00,234.30,0,-5.30,-188.60,0,0.18,0.20,136315,96036,28.60,525,10301,61961,52,30,51,1,1,64,0.55,3.43,60.00,2014,60.00,2.80,5.00,-1.58,399.48,1504.00,-17.48,19.74,-35.25,0.20,0.28,0,0,0,0,0,0,0,0,0,0,0,0,0,0,0,0,0,0,0,0,0,0,0,0,0,0,0,18485,44577,0.00,65,8645,13245,9,9,7,0,0,15,0.55,1.78,0.00,549,0.00,2.00,5.00,-0.70,225.10,1213.90,-85.10,74.70,-122.40,0.22,0.18,33556,105503,11.33,111,29564,36046,6,27,63,4,10,114,0.60,2.56,33.33,1072,0.00,0.33,0.67,0.50,265.73,905.33,-5.40,-62.33,2.87,0.17,0.10,
"Irish Maiden",766,2.16,0.90,7.30,14.90,0,0,0,0,10,50,21, 48, 278, 1, 0, 15,3,3,57, 65978, 179699, 135747, 41.73, 92216,1938.1,0,0,0,0,19381,0,0,0,0,0,0,0,0,0,0,0,0,0,0,0,0,0,0,0,0,0,0,0,0,0,0,0,0,0,0,0,0,0,0,0,0,0,0,0,0,0,0,0,0,0,0,0,0,0,0,0,0,0,0,0,0,0,0,0,0,0,0,0,0,0,0,0,0,0,0,0,0,0,0,0,0,0,0,0,0,0,0,0,0,0,0,0,0,0,0,0,0,0,0,0,0,0,0,0,0,0,0,0,0,0,0,0,0,65978,179699,2.50,186,135747,92216,9,73,149,21,48,278,0.57,2.16,50.00,2504,0.00,0.10,0.20,0.36,257.48,1042.80,-1.97,-19.51,-50.12,0.16,0.08,
"Paramexican",748,2.66,6.80,5.90,8.90,2,3,3,1,1,60,11, 16, 114, 15, 5, 20,3,5,48, 174707, 280866, 63325, 73.75, 132484,2003.6,4461,6671,5168,1699,2037,15745,22330,23.00,116,2862,10822,10,9,5,0,0,7,0.58,1.67,0.00,9,0.00,3.00,4.00,-0.35,209.80,0,43.85,-79.50,0,0.22,0.26,71006,92765,55.33,636,14290,42650,19,22,34,5,2,30,0.55,2.41,33.33,1781,0.00,1.33,2.33,-0.37,425.37,1693.65,11.20,-145.50,82.75,0.21,0.21,51282,75656,51.50,380,22631,31448,22,11,14,2,7,29,0.51,3.27,100.00,552,50.00,2.50,4.50,-0.35,406.75,2138.60,-0.00,-3.90,0.00,0.21,0.20,27610,67655,5.00,228,21464,37085,15,8,19,2,4,28,0.37,4.25,66.67,1341,0.00,1.00,4.33,-0.00,343.13,2950.10,6.60,78.83,-342.10,0.22,0.12,9064,22460,1.00,12,2078,10479,2,9,17,2,3,20,0.49,2.11,100.00,742,0.00,0.00,0.00,0.50,270.80,953.20,-17.75,60.10,-87.15,0.15,0.09,
"Big Barn BEz",700,2.38,7.00,5.80,6.80,0,2,0,8,0,70,2, 18, 111, 25, 4, 22,3,6,41, 189027, 185767, 41999, 57.35, 134031,1987.9,0,0,3828,16051,0,156681,134139,56.00,1578,23486,110141,58,45,54,2,14,90,0.40,2.49,75.00,2095,0.00,1.88,3.88,0.00,293.38,1238.22,-31.22,-31.34,71.86,0.21,0.22,0,0,0,0,0,0,0,0,0,0,0,0,0,0,0,0,0,0,0,0,0,0,0,0,0,0,0,0,0,0,0,0,0,0,0,0,0,0,0,0,0,0,0,0,0,0,0,0,0,0,0,0,0,0,32346,51628,1.00,158,18513,23890,12,13,14,0,4,21,0.46,2.00,50.00,1346,0.00,2.50,2.50,-0.30,324.60,2056.20,38.85,179.35,-466.80,0.21,0.20,0,0,0,0,0,0,0,0,0,0,0,0,0,0,0,0,0,0,0,0,0,0,0,0,0,0,0,
"Rura",700,2.78,4.90,4.60,7.90,2,0,0,8,0,60,1, 24, 98, 20, 4, 25,6,9,46, 195543, 194902, 34203, 33.93, 133970,2129,4444,0,0,16846,0,152945,148763,64.13,1736,28191,106054,39,36,54,1,19,78,0.45,2.58,50.00,1369,0.00,1.13,2.25,0.11,292.60,1247.61,-11.14,20.12,-94.20,0.20,0.20,0,0,0,0,0,0,0,0,0,0,0,0,0,0,0,0,0,0,0,0,0,0,0,0,0,0,0,42598,46139,64.00,363,6012,27916,10,10,25,0,5,20,0.51,3.50,100.00,667,0.00,1.50,3.00,0.85,422.50,1987.90,-29.20,123.95,-11.00,0.19,0.23,0,0,0,0,0,0,0,0,0,0,0,0,0,0,0,0,0,0,0,0,0,0,0,0,0,0,0,0,0,0,0,0,0,0,0,0,0,0,0,0,0,0,0,0,0,0,0,0,0,0,0,0,0,0,
"rosborn",724,3.20,7.10,5.00,8.90,3,0,2,5,0,40,5, 13, 104, 8, 2, 20,6,1,50, 222175, 201772, 40062, 25.92, 123906,1984.7,4874,4832,0,10141,0,115360,94849,52.00,813,17227,64393,44,28,46,2,3,52,0.52,3.21,40.00,780,0.00,2.80,3.60,0.13,318.10,1646.33,24.58,16.49,84.23,0.21,0.21,65218,47463,48.00,318,7047,27409,13,14,30,0,8,27,0.61,3.07,0.00,185,0.00,1.50,3.00,-1.85,359.80,1191.05,-106.20,-136.45,-93.55,0.19,0.25,41597,59460,71.00,536,15788,32104,14,8,13,3,2,25,0.35,3.38,66.67,590,0.00,1.67,2.67,0.67,446.03,0,-9.73,13.47,0,0.21,0.20,0,0,0,0,0,0,0,0,0,0,0,0,0,0,0,0,0,0,0,0,0,0,0,0,0,0,0,0,0,0,0,0,0,0,0,0,0,0,0,0,0,0,0,0,0,0,0,0,0,0,0,0,0,0,
"VisionR",1298,3.61,7.30,4.60,9.30,3,2,3,1,1,50,19, 19, 88, 9, 1, 13,1,1,54, 190525, 254057, 72520, 84.67, 120476,1949.3,5850,7153,3099,1871,1520,36518,26695,64.00,172,3927,16953,19,6,6,0,1,5,0.60,4.17,100.00,390,0.00,5.00,6.00,-1.47,358.70,1295.00,169.25,-31.45,-34.80,0.26,0.39,74460,73685,47.33,517,7271,41112,27,18,32,7,4,39,0.64,3.28,0.00,1831,0.00,2.67,2.33,-0.33,411.67,1141.47,28.33,-54.93,-119.80,0.21,0.21,48906,75271,43.00,479,14888,35613,13,10,35,8,7,28,0.45,4.80,66.67,1810,0.00,1.33,2.33,-1.47,400.40,1406.77,5.47,21.97,105.07,0.19,0.19,24579,57251,3.00,124,44514,20386,12,4,14,3,6,6,0.48,6.50,100.00,964,0.00,1.50,4.50,-0.60,362.05,2362.40,17.20,155.65,119.70,0.21,0.19,6062,21155,12.00,27,1920,6412,2,8,6,1,1,10,0.53,1.00,0.00,85,0.00,1.00,2.00,1.40,257.50,0,46.30,-129.45,0,0.15,0.10,
"onyl1",893,3.90,9.30,4.80,9.40,0,1,0,9,0,70,30, 18, 107, 27, 8, 20,2,4,50, 290541, 211262, 34249, 43.83, 144247,2052.4,0,0,1236,19288,0,283825,193100,46.33,1722,29959,135492,89,48,88,25,18,98,0.51,3.69,66.67,2086,0.00,2.22,5.11,0.00,273.20,1343.01,-19.60,19.69,21.46,0.22,0.26,0,0,0,0,0,0,0,0,0,0,0,0,0,0,0,0,0,0,0,0,0,0,0,0,0,0,0,0,0,0,0,0,0,0,0,0,0,0,0,0,0,0,0,0,0,0,0,0,0,0,0,0,0,0,6716,18162,4.00,90,4290,8755,4,0,6,5,0,9,0.43,10.00,100.00,544,0.00,1.00,4.00,0.00,412.50,0,0.00,0.00,0,0.21,0.17,0,0,0,0,0,0,0,0,0,0,0,0,0,0,0,0,0,0,0,0,0,0,0,0,0,0,0,
"Blomnqvist",858,2.70,8.50,5.30,5.80,2,0,2,6,0,50,7, 17, 67, 18, 5, 16,4,4,55, 205265, 216289, 41780, 101.28, 126817,1896.2,4627,3309,0,11026,0,127536,91378,67.17,1087,16171,75120,51,28,36,3,10,44,0.56,3.11,50.00,4964,16.67,2.00,3.83,0.23,287.02,1468.55,-16.86,46.36,27.92,0.22,0.29,31203,31487,67.00,305,4026,21639,12,8,11,2,4,10,0.61,2.88,50.00,170,0.00,1.50,2.50,1.80,435.10,2179.70,-1.20,-85.15,72.70,0.22,0.27,46526,93424,62.50,401,21583,30058,22,17,11,2,3,13,0.52,1.94,50.00,943,0.00,2.50,3.50,1.35,409.10,1293.05,-21.70,-47.70,-54.25,0.22,0.20,0,0,0,0,0,0,0,0,0,0,0,0,0,0,0,0,0,0,0,0,0,0,0,0,0,0,0,0,0,0,0,0,0,0,0,0,0,0,0,0,0,0,0,0,0,0,0,0,0,0,0,0,0,0,
"That1Teacher",702,1.62,2.30,6.10,7.60,0,0,0,4,6,40,18, 24, 165, 1, 0, 6,2,1,41, 93450, 211729, 71499, 45.00, 91646,1826.4,0,0,0,7024,11240,56232,83248,48.00,543,12462,41398,19,33,24,5,8,39,0.38,1.30,50.00,618,50.00,1.50,1.75,0.00,254.48,1184.90,-25.90,-21.10,-32.68,0.20,0.17,0,0,0,0,0,0,0,0,0,0,0,0,0,0,0,0,0,0,0,0,0,0,0,0,0,0,0,0,0,0,0,0,0,0,0,0,0,0,0,0,0,0,0,0,0,0,0,0,0,0,0,0,0,0,0,0,0,0,0,0,0,0,0,0,0,0,0,0,0,0,0,0,0,0,0,0,0,0,0,0,0,37218,128481,10.00,230,59037,50248,4,28,52,13,16,126,0.44,2.00,33.33,2082,16.67,0.00,0.00,0.14,259.83,1476.33,-9.07,13.92,-50.33,0.16,0.09,
"LuckeCharms",900,2.11,7.60,8.50,10.30,1,0,2,6,1,40,5, 19, 111, 9, 2, 18,1,3,52, 228697, 243016, 28904, 45.83, 133033,2084.9,2312,3664,0,12428,2445,165132,140263,54.50,1014,20315,88332,57,45,73,3,14,64,0.53,2.89,66.67,1411,0.00,2.50,4.50,-0.17,272.82,1381.18,-36.31,-7.03,48.01,0.22,0.23,31655,38488,51.50,287,1888,20992,9,17,15,1,1,17,0.47,1.41,0.00,200,0.00,1.50,3.00,0.45,411.25,2074.10,8.65,-0.25,-388.60,0.19,0.16,15906,33056,39.00,169,4964,11434,4,9,5,0,2,13,0.50,1.00,0.00,1041,0.00,1.00,2.00,-1.00,378.40,1129.90,-87.50,169.10,-247.60,0.20,0.22,0,0,0,0,0,0,0,0,0,0,0,0,0,0,0,0,0,0,0,0,0,0,0,0,0,0,0,16004,31209,1.00,42,1737,12275,6,14,10,1,2,17,0.50,1.14,0.00,98,0.00,1.00,2.00,0.00,188.80,863.20,-37.35,34.80,-178.25,0.18,0.16,
"bambooforest12",823,2.72,6.00,5.30,8.40,2,8,0,0,0,50,5, 22, 97, 11, 0, 15,7,4,57, 183589, 311602, 95192, 172.98, 125705,1844.5,3262,0,15183,0,0,0,0,0,0,0,0,0,0,0,0,0,0,0,0,0,0,0,0,0,0,0,0,0,0,0,0,0,0,0,0,0,0,0,0,0,0,0,0,0,0,0,0,0,0,0,0,0,0,0,0,0,0,0,0,32987,58173,80.50,358,12252,20723,9,12,13,1,2,16,0.52,1.83,50.00,4006,0.00,2.00,2.00,2.45,486.75,0,75.00,47.95,0,0.21,0.26,150602,253429,5.50,656,82940,104982,51,41,71,4,20,81,0.58,2.98,50.00,6373,0.00,1.38,4.13,0.24,379.73,1997.32,64.94,50.75,-10.22,0.22,0.22,0,0,0,0,0,0,0,0,0,0,0,0,0,0,0,0,0,0,0,0,0,0,0,0,0,0,0,
"Megarice",758,1.97,2.00,6.40,10.60,1,0,0,1,8,50,9, 19, 199, 8, 0, 12,3,2,47, 94240, 233239, 24463, 38.08, 98372,1902,1774,0,0,1793,15453,11168,17933,65.00,206,1136,10627,5,7,1,0,2,11,0.33,0.86,0.00,817,0.00,1.00,2.00,-2.20,314.90,0,24.80,-186.05,0,0.22,0.20,0,0,0,0,0,0,0,0,0,0,0,0,0,0,0,0,0,0,0,0,0,0,0,0,0,0,0,14077,15501,23.00,128,1117,12542,6,6,5,0,0,10,0.28,1.83,100.00,173,0.00,2.00,3.00,-2.20,331.00,0,-168.80,192.70,0,0.20,0.16,0,0,0,0,0,0,0,0,0,0,0,0,0,0,0,0,0,0,0,0,0,0,0,0,0,0,0,68995,199805,11.38,364,22210,75203,9,51,100,9,17,178,0.52,2.14,50.00,1295,0.00,0.25,0.50,0.13,277.95,1317.70,-1.49,-11.91,62.21,0.16,0.09,
"Pandilly",773,3.32,6.20,4.70,9.40,0,8,2,0,0,50,1, 44, 156, 6, 0, 15,3,1,52, 148867, 287756, 80318, 198.80, 127160,2109.9,0,4192,16907,0,0,0,0,0,0,0,0,0,0,0,0,0,0,0,0,0,0,0,0,0,0,0,0,0,0,0,0,0,34207,45041,40.00,265,7565,26876,15,9,18,0,9,20,0.47,3.67,50.00,2697,50.00,2.00,4.50,-0.80,390.65,1319.10,-50.60,-16.35,-86.05,0.21,0.17,0,0,0,0,0,0,0,0,0,0,0,0,0,0,0,0,0,0,0,0,0,0,0,0,0,0,0,114660,242715,2.13,651,72753,100284,47,38,76,1,35,136,0.53,3.24,50.00,9231,12.50,1.63,2.75,-0.29,332.60,1450.32,-3.69,-7.14,28.22,0.20,0.16,0,0,0,0,0,0,0,0,0,0,0,0,0,0,0,0,0,0,0,0,0,0,0,0,0,0,0,
"YourMothersDildo",736,2.02,5.70,6.10,6.60,5,2,0,2,1,50,14, 22, 109, 12, 3, 23,1,3,38, 190266, 269666, 50128, 110.65, 129457,2208.1,9633,0,4785,5249,2414,53008,38495,55.00,516,8113,33269,18,12,13,2,10,5,0.50,2.58,50.00,1046,0.00,1.00,5.00,-0.11,305.45,1157.80,-6.75,-69.73,-20.50,0.22,0.21,0,0,0,0,0,0,0,0,0,0,0,0,0,0,0,0,0,0,0,0,0,0,0,0,0,0,0,95587,116124,46.00,835,12526,58692,27,30,23,6,4,57,0.29,1.67,60.00,681,40.00,1.20,2.60,-0.22,395.92,1956.80,-27.38,-24.02,-18.63,0.20,0.19,33965,76677,3.00,157,21613,27508,12,12,17,5,7,24,0.47,2.42,50.00,4569,0.00,2.00,3.50,0.10,316.20,1206.00,-49.45,-101.00,23.20,0.20,0.14,7706,38370,6.00,38,7876,9988,0,7,13,1,1,23,0.41,1.86,0.00,343,0.00,0.00,0.00,-1.50,253.20,1025.10,-88.95,-3.10,-13.90,0.14,0.06,
"oneironautz",805,4.88,2.40,3.30,13.70,0,0,4,0,6,40,34, 57, 276, 8, 1, 16,1,4,60, 116042, 132532, 58654, 43.43, 108852,2145.4,0,9192,0,0,12262,0,0,0,0,0,0,0,0,0,0,0,0,0,0,0,0,0,0,0,0,0,0,0,0,0,0,0,90068,48090,57.75,785,7761,56162,22,11,49,7,23,73,0.55,6.45,75.00,1056,25.00,1.50,3.75,-0.05,423.00,1301.67,11.98,23.38,49.00,0.20,0.23,0,0,0,0,0,0,0,0,0,0,0,0,0,0,0,0,0,0,0,0,0,0,0,0,0,0,0,0,0,0,0,0,0,0,0,0,0,0,0,0,0,0,0,0,0,0,0,0,0,0,0,0,0,0,25974,84442,1.17,59,50893,52690,2,22,88,27,34,203,0.65,4.09,16.67,1550,0.00,0.17,0.33,-0.30,274.90,1129.08,17.33,-9.37,-58.66,0.15,0.05,
"belthazor3457",728,2.46,1.50,6.50,14.50,1,0,0,0,9,30,0, 22, 239, 1, 0, 15,0,3,62, 72982, 141658, 232149, 39.93, 96625,1999.3,2666,0,0,0,17327,0,0,0,0,0,0,0,0,0,0,0,0,0,0,0,0,0,0,0,0,0,0,0,0,0,0,0,0,0,0,0,0,0,0,0,0,0,0,0,0,0,0,0,0,0,0,0,0,0,0,0,0,0,0,38378,29047,49.00,89,705,13909,6,10,16,0,1,19,0.48,2.20,100.00,1273,0.00,1.00,3.00,0.10,423.40,1045.20,45.80,-149.40,-84.60,0.16,0.25,0,0,0,0,0,0,0,0,0,0,0,0,0,0,0,0,0,0,0,0,0,0,0,0,0,0,0,34604,112611,2.44,73,231444,82716,9,55,129,0,21,220,0.65,2.51,22.22,1123,0.00,0.00,0.00,-0.34,268.26,1169.13,-0.51,-63.67,-24.66,0.17,0.05,
"Wrestle",828,1.46,5.40,7.20,5.10,1,0,2,7,0,20,3, 8, 73, 8, 2, 5,1,2,45, 181217, 189455, 26553, 19.52, 105385,1801.4,1802,3815,0,12397,0,122112,120799,48.14,1131,20208,77577,40,44,32,1,8,52,0.43,1.64,28.57,601,14.29,1.14,3.43,-0.17,297.66,2056.03,-17.96,-19.56,69.50,0.21,0.24,40168,45569,28.50,169,5156,19083,11,20,14,1,0,17,0.56,1.25,0.00,130,0.00,2.00,3.00,-2.35,318.45,1003.30,-99.95,-86.00,-161.00,0.18,0.22,18937,23087,37.00,92,1189,8725,3,8,5,1,0,4,0.42,1.00,0.00,440,0.00,1.00,2.00,-1.20,404.70,1093.30,-51.60,-29.80,-155.40,0.19,0.23,0,0,0,0,0,0,0,0,0,0,0,0,0,0,0,0,0,0,0,0,0,0,0,0,0,0,0,0,0,0,0,0,0,0,0,0,0,0,0,0,0,0,0,0,0,0,0,0,0,0,0,0,0,0,
"Deadly Melon",1000,2.17,4.40,6.30,9.30,4,4,0,1,1,10,1, 20, 97, 3, 0, 9,1,1,49, 140165, 276563, 47236, 105.98, 113937,1936.7,9152,0,7559,1038,1618,8266,15721,15.00,46,1862,6560,3,4,2,0,0,2,0.63,1.25,0.00,237,0.00,1.00,2.00,-0.63,389.40,0,-11.90,0,0,0.26,0.31,0,0,0,0,0,0,0,0,0,0,0,0,0,0,0,0,0,0,0,0,0,0,0,0,0,0,0,75954,123771,53.75,798,14957,55501,24,29,42,0,8,39,0.43,2.28,25.00,3074,25.00,1.50,2.75,-0.63,371.90,1360.00,-73.80,-0.80,90.63,0.19,0.15,48343,116337,5.75,325,29142,43704,15,22,38,0,10,44,0.62,2.41,0.00,2879,25.00,0.50,1.75,0.13,368.18,2201.80,14.35,74.17,-60.50,0.21,0.18,7602,20734,12.00,55,1275,8172,2,8,11,1,2,12,0.41,1.63,0.00,169,100.00,1.00,2.00,0.45,235.10,0,-79.55,-166.60,0,0.16,0.10,
"Prevo",723,2.29,2.00,5.90,11.50,0,0,0,0,10,50,19, 45, 169, 5, 0, 16,3,4,56, 103922, 179023, 22012, 60.68, 99163,1996.2,0,0,0,0,19962,0,0,0,0,0,0,0,0,0,0,0,0,0,0,0,0,0,0,0,0,0,0,0,0,0,0,0,0,0,0,0,0,0,0,0,0,0,0,0,0,0,0,0,0,0,0,0,0,0,0,0,0,0,0,0,0,0,0,0,0,0,0,0,0,0,0,0,0,0,0,0,0,0,0,0,0,0,0,0,0,0,0,0,0,0,0,0,0,0,0,0,0,0,0,0,0,0,0,0,0,0,0,0,0,0,0,0,0,103922,179023,2.70,217,22012,99163,20,59,115,19,45,169,0.56,2.29,50.00,3641,0.00,0.60,1.10,0.01,271.98,1147.30,-6.44,-11.21,44.89,0.17,0.11,
"Icics",1020,2.19,6.20,5.90,6.70,2,2,6,0,0,40,5, 20, 109, 5, 0, 14,2,3,47, 163481, 245705, 60491, 223.80, 116212,1986.3,4142,11479,4242,0,0,0,0,0,0,0,0,0,0,0,0,0,0,0,0,0,0,0,0,0,0,0,0,0,0,0,0,0,86405,127465,51.00,892,35870,64469,32,35,33,2,12,57,0.44,1.86,16.67,10853,16.67,1.17,2.83,-0.37,428.08,1604.65,-16.35,-97.43,-109.60,0.19,0.18,48079,57032,60.50,382,14843,27069,15,6,14,2,4,22,0.44,4.83,100.00,1604,50.00,2.00,4.50,0.50,425.65,1409.90,10.85,56.75,81.20,0.20,0.22,28997,61208,3.00,111,9778,24674,15,18,20,1,4,30,0.55,1.94,50.00,971,0.00,2.00,2.50,-1.05,281.90,1747.40,-104.00,-217.90,74.40,0.19,0.15,0,0,0,0,0,0,0,0,0,0,0,0,0,0,0,0,0,0,0,0,0,0,0,0,0,0,0,
"Wispreaver",743,3.40,3.70,5.00,13.30,2,3,0,1,4,50,2, 9, 123, 9, 1, 21,3,5,51, 148792, 307689, 83138, 172.92, 118275,2045.9,4301,0,6443,2034,7681,6586,25636,19.00,68,2736,8499,0,5,9,2,3,19,0.36,1.80,0.00,128,0.00,0.00,0.00,0.65,306.80,749.70,-29.25,-49.00,-353.90,0.17,0.07,0,0,0,0,0,0,0,0,0,0,0,0,0,0,0,0,0,0,0,0,0,0,0,0,0,0,0,33899,42169,44.00,328,2747,26316,8,8,27,0,1,18,0.49,4.38,50.00,1309,0.00,0.50,3.50,0.65,413.40,1328.10,21.00,142.60,37.70,0.20,0.17,71624,131688,6.33,268,54110,42524,22,17,33,0,3,32,0.52,3.24,66.67,1644,0.00,1.67,3.67,0.17,364.73,1332.50,4.10,-21.60,9.33,0.21,0.20,36683,108196,12.25,207,23545,40936,7,20,64,0,2,54,0.54,3.55,50.00,7294,25.00,0.00,0.00,-0.28,266.80,1711.90,-16.01,-53.54,-28.20,0.17,0.08,
"Yu Naru",710,2.48,4.30,5.60,9.60,2,5,2,0,1,30,4, 27, 104, 4, 0, 17,1,1,54, 160517, 258037, 69483, 129.78, 104823,1851.4,3519,2472,11257,0,1266,0,0,0,0,0,0,0,0,0,0,0,0,0,0,0,0,0,0,0,0,0,0,0,0,0,0,0,25321,26510,51.00,205,7677,14686,8,5,10,0,0,14,0.47,3.60,50.00,377,50.00,1.00,4.00,-0.60,433.25,0,-17.90,62.60,0,0.20,0.29,28694,48509,60.00,250,11153,18365,6,14,9,0,5,16,0.38,1.07,0.00,2075,0.00,1.00,1.00,0.80,502.05,2013.90,98.65,-207.10,-194.90,0.19,0.21,102489,171155,2.60,407,49438,66824,28,32,75,4,19,68,0.62,3.22,40.00,5245,0.00,1.40,1.80,-0.10,313.98,1269.78,-35.36,32.80,-103.56,0.20,0.19,4013,11863,13.00,40,1215,4948,1,5,2,0,3,6,0.21,0.60,0.00,90,0.00,0.00,0.00,0.20,200.10,0,-71.45,-110.45,0,0.15,0.13,
"touch tank",776,3.71,5.90,3.80,8.20,2,2,2,4,0,50,6, 33, 119, 10, 0, 17,4,3,49, 205405, 213967, 57410, 149.87, 121570,1998.7,3596,4237,5556,6598,0,58825,48769,59.75,651,8174,41679,27,15,32,0,13,35,0.63,3.93,50.00,551,0.00,1.50,4.00,0.19,309.95,2831.10,30.66,-0.87,4.20,0.23,0.23,46441,33386,52.50,387,6676,27085,17,2,18,1,3,26,0.63,17.50,50.00,2245,50.00,2.00,6.00,1.40,416.60,1291.00,49.35,82.00,60.25,0.21,0.27,41298,52334,60.50,338,9345,21018,4,12,16,2,1,20,0.29,1.67,50.00,2863,0.00,0.00,0.00,0.75,407.15,2126.70,2.80,28.45,-360.60,0.18,0.22,58841,79478,0.00,182,33215,31788,11,9,16,3,16,38,0.39,3.00,50.00,3333,0.00,1.50,3.00,-0.05,276.55,1047.85,12.95,85.95,-54.10,0.19,0.21,0,0,0,0,0,0,0,0,0,0,0,0,0,0,0,0,0,0,0,0,0,0,0,0,0,0,0,
"pHD Dobas",741,2.11,5.30,6.50,8.40,0,0,6,0,4,40,2, 11, 203, 5, 1, 14,4,3,57, 177611, 164378, 40102, 20.18, 113906,1955.2,0,10968,0,0,8584,0,0,0,0,0,0,0,0,0,0,0,0,0,0,0,0,0,0,0,0,0,0,0,0,0,0,0,127795,96143,69.50,1056,8199,73969,45,34,48,2,4,77,0.59,2.74,50.00,741,0.00,1.67,2.17,0.42,426.00,2259.40,1.93,-4.25,-28.30,0.22,0.28,0,0,0,0,0,0,0,0,0,0,0,0,0,0,0,0,0,0,0,0,0,0,0,0,0,0,0,0,0,0,0,0,0,0,0,0,0,0,0,0,0,0,0,0,0,0,0,0,0,0,0,0,0,0,49816,68235,2.75,127,31903,39937,8,31,36,0,7,126,0.52,1.42,25.00,470,25.00,0.25,0.50,-0.92,269.45,1063.53,-28.37,-38.41,56.30,0.17,0.14,
"TheOriginalBIG",742,1.76,7.00,7.60,6.40,0,1,4,5,0,20,0, 25, 37, 6, 1, 14,6,1,46, 225562, 232863, 24869, 32.15, 126982,2041.9,0,8038,1991,10390,0,118565,122294,56.20,988,11238,64463,40,40,32,0,16,18,0.50,1.80,0.00,738,0.00,1.80,3.20,0.00,290.52,1336.95,-0.16,-7.03,-42.92,0.21,0.25,92247,89907,59.50,770,11442,51331,25,27,27,0,8,18,0.42,1.93,50.00,1173,0.00,1.75,3.00,0.08,405.88,1627.30,-12.20,-7.03,90.90,0.20,0.26,0,0,0,0,0,0,0,0,0,0,0,0,0,0,0,0,0,0,0,0,0,0,0,0,0,0,0,14750,20662,28.00,5,2189,11188,5,9,5,0,1,1,0.43,1.11,0.00,18,0.00,1.00,2.00,0.00,134.10,1092.20,0.00,0.00,0.00,0.20,0.19,0,0,0,0,0,0,0,0,0,0,0,0,0,0,0,0,0,0,0,0,0,0,0,0,0,0,0,
"theNamesRichard",1325,2.21,4.40,5.80,8.40,4,4,1,0,1,40,7, 27, 134, 7, 4, 19,4,6,46, 193794, 348642, 109303, 81.03, 127084,2102,8712,1775,8731,0,1802,0,0,0,0,0,0,0,0,0,0,0,0,0,0,0,0,0,0,0,0,0,0,0,0,0,0,0,22745,18377,69.00,200,807,12496,4,6,11,0,1,10,0.48,2.50,100.00,164,100.00,1.00,2.00,-1.40,414.80,0,-92.20,70.90,0,0.21,0.27,72623,158521,59.00,851,44320,53751,19,19,31,5,10,60,0.40,2.63,75.00,740,0.00,1.00,2.50,-1.13,405.48,1600.33,-41.55,-82.33,59.07,0.20,0.17,82502,153278,14.50,200,63839,51622,18,24,29,1,10,46,0.46,1.96,0.00,3887,0.00,0.50,2.25,-0.17,319.43,1296.40,-15.18,-77.52,70.38,0.21,0.20,15924,18466,4.00,26,337,9215,3,9,13,1,6,18,0.76,1.78,0.00,71,0.00,0.00,0.00,0.30,300.80,1001.00,25.10,47.05,-234.25,0.18,0.19,
"Kaizoku Ryu",800,3.09,5.30,4.30,8.00,0,1,2,5,2,40,4, 23, 105, 5, 1, 19,4,2,48, 175664, 182682, 42405, 82.60, 116113,1929.8,0,3253,1236,11294,3515,126210,98405,50.20,1007,24799,71994,38,26,41,0,11,40,0.53,3.04,20.00,3864,0.00,1.40,6.00,0.00,282.64,1253.15,-13.26,-39.89,-65.80,0.22,0.25,30713,32105,53.00,281,12300,20931,11,3,17,0,2,17,0.42,9.33,100.00,724,0.00,1.50,4.50,0.50,455.30,0,25.50,130.05,0,0.19,0.20,0,0,0,0,0,0,0,0,0,0,0,0,0,0,0,0,0,0,0,0,0,0,0,0,0,0,0,1881,9008,1.00,39,2441,4795,0,1,1,0,1,5,0.17,1.00,0.00,257,0.00,0.00,0.00,-1.00,296.20,0,6.80,-402.60,0,0.18,0.06,16860,43164,8.50,57,2865,18393,4,13,21,4,9,43,0.45,1.92,50.00,111,0.00,0.00,0.00,-0.05,269.05,1454.80,-5.70,-10.00,-126.15,0.17,0.14,
"MrBanana211",1083,2.58,7.20,6.00,8.30,3,2,3,2,0,50,1, 15, 123, 8, 0, 17,1,5,52, 182112, 247180, 33946, 104.40, 122445,1998.1,6173,5511,3221,5076,0,65878,58581,57.50,377,8330,34927,23,14,16,1,0,31,0.57,2.79,0.00,455,50.00,3.50,3.00,-1.75,317.30,1151.60,14.82,20.17,4.07,0.24,0.27,54502,50774,42.00,332,8027,34518,30,13,26,0,3,34,0.56,4.31,100.00,446,0.00,2.33,5.00,-1.47,383.40,2819.40,-28.80,-19.90,161.10,0.20,0.22,47494,103288,35.33,420,7358,35368,12,26,32,0,7,36,0.51,1.69,33.33,4412,0.00,1.33,1.67,-3.50,348.43,1295.23,-159.03,-46.40,-68.17,0.19,0.17,14238,34537,0.50,108,10231,17632,7,7,9,0,5,22,0.37,2.29,50.00,951,50.00,1.00,3.00,-0.15,317.30,0,10.60,71.60,0,0.19,0.12,0,0,0,0,0,0,0,0,0,0,0,0,0,0,0,0,0,0,0,0,0,0,0,0,0,0,0,
"Lifestile",900,3.73,9.10,4.40,7.30,1,1,0,8,0,60,1, 23, 125, 14, 7, 20,1,6,48, 202647, 234980, 41733, 29.75, 138711,2004.8,2275,0,2147,15626,0,171688,146152,60.75,1679,30602,111093,78,33,55,0,11,89,0.49,4.03,62.50,916,0.00,2.50,5.63,0.05,300.51,2542.20,2.39,1.86,122.52,0.22,0.22,0,0,0,0,0,0,0,0,0,0,0,0,0,0,0,0,0,0,0,0,0,0,0,0,0,0,0,21851,43919,75.00,240,1210,15772,8,6,11,0,5,9,0.41,3.17,100.00,107,0.00,1.00,6.00,0.40,414.60,1351.00,-77.50,19.30,-8.70,0.21,0.15,9108,44909,4.00,86,9921,11846,5,5,7,1,7,27,0.46,2.40,0.00,762,0.00,1.00,2.00,-0.30,341.30,1348.20,-10.80,87.90,38.70,0.19,0.10,0,0,0,0,0,0,0,0,0,0,0,0,0,0,0,0,0,0,0,0,0,0,0,0,0,0,0,
"Blipstream",619,2.43,7.30,7.20,10.20,0,8,0,2,0,50,4, 20, 92, 9, 1, 21,3,6,49, 202043, 320389, 141227, 111.65, 128565,2039.1,0,0,16186,4205,0,45860,42764,39.50,310,7382,27657,22,18,11,0,1,18,0.47,1.83,50.00,258,0.00,3.00,4.50,0.00,241.85,1648.70,-50.80,76.17,-97.95,0.21,0.22,0,0,0,0,0,0,0,0,0,0,0,0,0,0,0,0,0,0,0,0,0,0,0,0,0,0,0,0,0,0,0,0,0,0,0,0,0,0,0,0,0,0,0,0,0,0,0,0,0,0,0,0,0,0,156183,277625,4.63,552,133845,100908,51,54,91,4,19,74,0.49,2.63,50.00,6441,0.00,1.25,3.13,0.04,329.74,1508.35,11.50,-4.63,-20.40,0.20,0.18,0,0,0,0,0,0,0,0,0,0,0,0,0,0,0,0,0,0,0,0,0,0,0,0,0,0,0,
"Bum Bum",724,1.54,4.10,6.80,6.40,3,2,3,1,1,20,0, 7, 132, 5, 1, 9,2,0,49, 140901, 244146, 35431, 104.42, 93882,1896.2,5778,4533,4736,1415,2500,3893,13242,13.00,40,1193,5277,0,4,2,0,1,18,0.17,0.50,0.00,54,0.00,0.00,0.00,-1.60,267.80,0,-65.90,-60.20,0,0.16,0.08,33660,39717,52.33,322,1706,23518,11,14,17,0,0,22,0.47,2.00,33.33,4765,33.33,0.33,1.33,-1.30,453.30,2925.70,-12.43,-184.43,62.40,0.19,0.19,59481,83927,32.33,244,8358,28144,19,26,16,0,1,27,0.49,1.35,0.00,477,0.00,1.67,2.00,-1.60,425.83,2636.90,18.73,-169.27,-166.80,0.19,0.24,30446,74637,9.50,150,13919,24946,11,21,15,0,5,27,0.54,1.24,0.00,756,0.00,1.50,1.50,0.90,328.15,1076.10,30.55,-103.50,-65.05,0.20,0.15,13421,32623,13.00,72,10255,11997,0,3,14,0,0,38,0.58,4.67,100.00,213,0.00,0.00,0.00,-0.40,322.60,951.80,4.15,-8.60,-24.90,0.17,0.12,
"Squadporks",671,2.52,5.70,5.00,6.90,6,0,3,1,0,50,9, 4, 75, 11, 0, 15,4,1,45, 209105, 191548, 26478, 49.85, 111704,1862.7,9801,6655,0,2171,0,25210,19544,61.00,135,3178,12555,10,9,10,1,0,9,0.57,2.22,0.00,159,0.00,2.00,5.00,-0.27,268.20,1127.20,-54.85,-56.55,128.40,0.20,0.21,76698,55694,67.00,555,4648,38856,19,19,25,4,2,22,0.51,2.32,66.67,1104,33.33,1.67,3.00,0.43,450.30,1297.87,19.60,-89.03,9.00,0.20,0.25,107197,116310,56.83,893,18652,60293,28,22,34,4,2,44,0.39,2.82,50.00,1728,0.00,1.00,3.00,-0.27,448.75,3398.20,5.23,40.48,57.00,0.20,0.24,0,0,0,0,0,0,0,0,0,0,0,0,0,0,0,0,0,0,0,0,0,0,0,0,0,0,0,0,0,0,0,0,0,0,0,0,0,0,0,0,0,0,0,0,0,0,0,0,0,0,0,0,0,0,
"old woft",819,2.40,5.60,4.70,5.70,5,0,5,0,0,60,20, 28, 135, 11, 2, 18,2,5,34, 197687, 277498, 23207, 48.33, 125165,1945.6,9643,9813,0,0,0,0,0,0,0,0,0,0,0,0,0,0,0,0,0,0,0,0,0,0,0,0,0,0,0,0,0,0,90502,103913,69.40,1043,11586,65160,33,21,29,11,17,64,0.39,2.95,80.00,671,20.00,1.80,4.00,1.18,448.04,2059.47,37.46,91.52,-38.77,0.21,0.19,107185,173585,57.20,933,11621,60005,23,26,28,9,11,71,0.29,1.96,40.00,2229,0.00,0.80,1.80,1.78,462.54,2110.07,66.30,63.14,45.77,0.20,0.23,0,0,0,0,0,0,0,0,0,0,0,0,0,0,0,0,0,0,0,0,0,0,0,0,0,0,0,0,0,0,0,0,0,0,0,0,0,0,0,0,0,0,0,0,0,0,0,0,0,0,0,0,0,0,
"RampageJ5",723,0.86,3.80,10.10,4.90,3,0,6,0,1,30,0, 8, 42, 5, 1, 13,1,4,33, 186859, 288842, 40588, 210.93, 108466,1956.7,7480,10362,0,0,1725,0,0,0,0,0,0,0,0,0,0,0,0,0,0,0,0,0,0,0,0,0,0,0,0,0,0,0,87120,139194,31.67,742,24853,51328,13,50,21,0,4,24,0.39,0.68,0.00,7137,0.00,0.33,0.83,-2.58,336.53,2384.45,-152.73,-106.36,2.30,0.20,0.24,89598,124456,40.33,650,10161,48989,24,39,23,0,4,12,0.31,1.21,100.00,4193,33.33,1.67,2.33,-1.60,394.90,1282.17,-41.57,-85.07,-20.07,0.19,0.19,0,0,0,0,0,0,0,0,0,0,0,0,0,0,0,0,0,0,0,0,0,0,0,0,0,0,0,10141,25192,2.00,34,5574,8149,1,12,5,0,0,6,0.27,0.50,0.00,1326,0.00,0.00,0.00,-0.05,248.10,0,-38.80,-122.00,0,0.16,0.15,
"ToxicK2",774,3.78,1.00,4.60,16.40,0,0,0,0,10,50,18, 20, 231, 5, 0, 18,3,4,59, 100903, 219155, 119172, 47.82, 113165,2214.6,0,0,0,0,22146,0,0,0,0,0,0,0,0,0,0,0,0,0,0,0,0,0,0,0,0,0,0,0,0,0,0,0,0,0,0,0,0,0,0,0,0,0,0,0,0,0,0,0,0,0,0,0,0,0,0,0,0,0,0,0,0,0,0,0,0,0,0,0,0,0,0,0,0,0,0,0,0,0,0,0,0,0,0,0,0,0,0,0,0,0,0,0,0,0,0,0,0,0,0,0,0,0,0,0,0,0,0,0,0,0,0,0,0,100903,219155,2.20,161,119172,113165,10,46,164,18,20,231,0.59,3.78,50.00,2869,0.00,0.00,0.00,-0.56,265.61,1346.53,-17.84,-8.33,59.62,0.17,0.10,
"AteEight",800,2.46,5.10,5.20,7.70,1,8,1,0,0,40,4, 18, 127, 7, 0, 10,2,4,60, 141499, 301313, 90179, 211.52, 115744,1850.1,1842,1433,15226,0,0,0,0,0,0,0,0,0,0,0,0,0,0,0,0,0,0,0,0,0,0,0,0,0,0,0,0,0,10005,19480,1.00,17,4211,9002,5,2,15,1,1,7,0.67,10.00,100.00,2051,0.00,2.00,2.00,0.00,370.20,0,0.00,0.00,0,0.19,0.18,24584,38856,69.00,217,12934,14830,8,6,6,0,2,13,0.56,2.33,100.00,103,0.00,3.00,3.00,2.50,438.40,1783.40,44.10,-10.40,216.70,0.25,0.36,106910,242977,1.75,566,73034,91912,38,44,56,3,15,107,0.59,2.14,25.00,10537,0.00,0.88,2.50,-0.09,335.86,1796.42,-36.74,-3.39,-145.84,0.22,0.18,0,0,0,0,0,0,0,0,0,0,0,0,0,0,0,0,0,0,0,0,0,0,0,0,0,0,0,
"Chad Sado",772,3.16,4.20,4.90,11.30,0,3,0,5,2,60,10, 36, 134, 9, 1, 16,2,5,54, 165235, 250700, 59066, 54.87, 124247,2086.4,0,0,6405,10389,4070,104638,107640,47.40,946,28741,65880,33,27,46,4,15,54,0.54,2.93,60.00,1306,0.00,1.40,3.60,0.00,287.84,1635.10,-24.35,-13.54,-19.32,0.21,0.22,0,0,0,0,0,0,0,0,0,0,0,0,0,0,0,0,0,0,0,0,0,0,0,0,0,0,0,0,0,0,0,0,0,0,0,0,0,0,0,0,0,0,0,0,0,0,0,0,0,0,0,0,0,0,43754,108960,5.00,197,30059,36813,9,7,43,3,12,40,0.61,7.43,66.67,1756,0.00,1.00,1.33,0.10,334.37,1611.00,21.17,-69.87,-8.15,0.19,0.14,16843,34100,9.50,131,266,21554,0,15,24,3,9,40,0.42,1.60,50.00,230,0.00,0.00,0.00,-0.17,274.20,832.45,3.43,-19.97,-87.05,0.17,0.09,
"AdaroUmll",724,2.92,11.30,6.50,7.70,9,1,0,0,0,80,19, 20, 128, 16, 5, 21,3,5,51, 286969, 379275, 115867, 53.63, 145362,2073.4,18593,0,2141,0,0,0,0,0,0,0,0,0,0,0,0,0,0,0,0,0,0,0,0,0,0,0,0,0,0,0,0,0,0,0,0,0,0,0,0,0,0,0,0,0,0,0,0,0,0,0,0,0,0,0,0,0,0,0,0,247573,331779,42.56,1506,96811,127439,96,60,70,16,16,114,0.51,2.77,77.78,2871,33.33,2.11,5.44,-0.26,412.30,1705.14,5.98,65.01,55.17,0.21,0.26,39396,47496,37.00,10,19056,17923,17,5,7,3,4,14,0.55,4.80,100.00,347,0.00,5.00,5.00,0.00,366.30,1364.90,0.00,0.00,0.00,0.24,0.30,0,0,0,0,0,0,0,0,0,0,0,0,0,0,0,0,0,0,0,0,0,0,0,0,0,0,0,
"Rimon",972,5.00,9.40,4.10,11.10,4,0,6,0,0,90,20, 12, 132, 3, 1, 26,6,5,57, 231685, 200428, 34164, 81.57, 131754,1995.8,8763,11195,0,0,0,0,0,0,0,0,0,0,0,0,0,0,0,0,0,0,0,0,0,0,0,0,0,0,0,0,0,0,137532,87374,70.67,947,16976,74913,60,25,51,10,3,71,0.60,4.44,83.33,849,0.00,2.17,5.33,0.08,451.38,1533.74,18.45,66.87,-22.80,0.21,0.24,94153,113054,41.50,621,17188,56841,34,16,60,10,9,61,0.54,5.88,100.00,4045,25.00,2.25,4.00,-1.08,406.95,1682.93,-14.53,66.55,10.07,0.19,0.20,0,0,0,0,0,0,0,0,0,0,0,0,0,0,0,0,0,0,0,0,0,0,0,0,0,0,0,0,0,0,0,0,0,0,0,0,0,0,0,0,0,0,0,0,0,0,0,0,0,0,0,0,0,0,
"Sweet Joffrey",845,2.63,7.90,6.40,8.90,5,0,5,0,0,70,0, 3, 72, 21, 5, 18,1,4,49, 266115, 266309, 47106, 55.42, 128376,2053.1,9900,10631,0,0,0,0,0,0,0,0,0,0,0,0,0,0,0,0,0,0,0,0,0,0,0,0,0,0,0,0,0,0,190489,131455,62.40,930,32532,70897,51,32,51,0,1,44,0.58,3.19,80.00,2533,0.00,2.40,3.80,0.80,436.22,1586.03,10.62,74.28,33.30,0.21,0.32,75626,134854,46.00,756,14574,57479,28,32,38,0,2,28,0.39,2.06,60.00,792,0.00,2.20,2.40,-0.92,407.28,1957.67,-20.68,-60.26,53.83,0.19,0.17,0,0,0,0,0,0,0,0,0,0,0,0,0,0,0,0,0,0,0,0,0,0,0,0,0,0,0,0,0,0,0,0,0,0,0,0,0,0,0,0,0,0,0,0,0,0,0,0,0,0,0,0,0,0,
"xFierceHalox",871,4.64,5.00,3.60,11.70,1,8,0,0,1,60,9, 23, 95, 3, 0, 19,3,11,64, 173581, 338705, 117053, 129.32, 125274,2058.3,1880,0,17373,0,1330,0,0,0,0,0,0,0,0,0,0,0,0,0,0,0,0,0,0,0,0,0,0,0,0,0,0,0,0,0,0,0,0,0,0,0,0,0,0,0,0,0,0,0,0,0,0,0,0,0,0,0,0,0,0,16574,31901,46.00,170,8278,13072,9,3,9,1,1,6,0.56,6.00,100.00,161,0.00,2.00,5.00,-0.00,440.00,1528.40,80.50,74.30,129.50,0.21,0.22,153689,290134,2.13,671,107334,107194,41,27,104,8,22,81,0.66,5.37,62.50,7530,25.00,1.25,2.63,0.01,340.07,1580.93,-18.73,12.82,17.13,0.21,0.21,3318,16670,15.00,36,1441,5008,0,6,4,0,0,8,0.40,0.67,0.00,68,0.00,0.00,0.00,-0.50,271.50,0,-82.35,-205.90,0,0.17,0.09,
"Gustomatic",711,2.52,5.70,5.20,7.40,0,6,0,4,0,70,10, 27, 124, 21, 3, 23,6,7,44, 124283, 233873, 46678, 65.72, 118428,1856.9,0,0,12296,6273,0,53534,51714,58.50,554,5467,44253,29,9,24,2,3,34,0.46,5.89,100.00,479,50.00,1.25,5.75,0.00,343.77,2125.45,48.71,51.70,-31.38,0.20,0.21,0,0,0,0,0,0,0,0,0,0,0,0,0,0,0,0,0,0,0,0,0,0,0,0,0,0,0,0,0,0,0,0,0,0,0,0,0,0,0,0,0,0,0,0,0,0,0,0,0,0,0,0,0,0,70749,182159,7.67,398,41211,74175,28,43,50,8,24,90,0.42,1.81,50.00,3464,33.33,1.00,2.00,0.58,312.57,1936.90,-5.92,5.43,125.37,0.19,0.11,0,0,0,0,0,0,0,0,0,0,0,0,0,0,0,0,0,0,0,0,0,0,0,0,0,0,0,
"The InternetRed",900,1.75,4.40,5.70,5.60,0,0,3,7,0,30,2, 15, 79, 9, 1, 8,3,2,46, 183706, 174909, 27387, 8.27, 109757,1830.8,0,5172,0,13136,0,138398,126110,57.29,1413,21779,83973,33,41,46,0,13,61,0.45,1.93,42.86,287,14.29,1.00,2.43,0.00,284.51,1672.95,-21.33,-10.54,-42.52,0.21,0.24,45308,48799,63.00,420,5608,25784,11,16,10,2,2,18,0.50,1.31,0.00,209,33.33,1.00,1.67,1.63,418.23,1544.00,25.73,-169.43,5.55,0.20,0.26,0,0,0,0,0,0,0,0,0,0,0,0,0,0,0,0,0,0,0,0,0,0,0,0,0,0,0,0,0,0,0,0,0,0,0,0,0,0,0,0,0,0,0,0,0,0,0,0,0,0,0,0,0,0,0,0,0,0,0,0,0,0,0,0,0,0,0,0,0,0,0,0,0,0,0,0,0,0,0,0,0,
"Jihad",1120,3.38,8.90,5.30,9.00,1,4,5,0,0,50,1, 25, 143, 7, 2, 14,3,5,53, 225373, 225125, 45125, 58.17, 133528,2119.2,1957,10997,8238,0,0,0,0,0,0,0,0,0,0,0,0,0,0,0,0,0,0,0,0,0,0,0,0,0,0,0,0,0,137492,91538,57.40,810,23271,69166,51,21,43,0,13,78,0.51,4.48,60.00,568,0.00,2.40,5.20,-0.60,451.16,1484.30,10.04,-30.90,41.58,0.20,0.23,13055,18401,36.00,125,1745,11455,7,5,10,0,1,11,0.45,3.40,100.00,456,0.00,2.00,3.00,-2.30,377.80,1282.10,-14.40,80.10,26.70,0.18,0.12,74826,115186,1.00,317,20109,52907,31,27,37,1,11,54,0.59,2.52,25.00,2466,0.00,2.00,4.25,-0.38,319.38,1564.67,-33.52,47.55,71.93,0.22,0.21,0,0,0,0,0,0,0,0,0,0,0,0,0,0,0,0,0,0,0,0,0,0,0,0,0,0,0,
"Azhyan",700,2.85,6.00,4.60,7.10,0,4,0,6,0,50,33, 50, 204, 10, 2, 20,3,6,45, 204359, 236645, 57407, 55.35, 136742,2166.1,0,0,8405,13256,0,123436,117499,66.50,1466,15112,84192,31,28,43,19,30,88,0.44,2.64,50.00,600,0.00,1.67,2.17,0.00,315.82,1658.55,13.52,-57.38,71.29,0.21,0.21,0,0,0,0,0,0,0,0,0,0,0,0,0,0,0,0,0,0,0,0,0,0,0,0,0,0,0,0,0,0,0,0,0,0,0,0,0,0,0,0,0,0,0,0,0,0,0,0,0,0,0,0,0,0,80923,119146,2.00,394,42295,52550,29,18,28,14,20,116,0.47,3.17,50.00,2721,0.00,1.75,4.25,-0.57,335.93,1663.23,-27.66,64.74,49.40,0.21,0.19,0,0,0,0,0,0,0,0,0,0,0,0,0,0,0,0,0,0,0,0,0,0,0,0,0,0,0,
"DayShadow0919",739,1.14,3.60,7.40,4.80,1,3,4,2,0,10,0, 18, 100, 9, 1, 9,3,2,39, 141557, 252797, 41581, 51.67, 107279,1881.7,1842,6989,6111,3875,0,30623,38749,52.50,382,4888,22904,4,13,16,0,4,13,0.34,1.54,0.00,538,0.00,0.00,0.00,-1.85,341.90,2030.40,63.80,-45.38,-174.10,0.20,0.18,57930,89664,50.75,522,5399,37609,16,36,17,0,4,40,0.45,0.92,0.00,853,0.00,0.75,0.50,0.02,378.22,1866.85,-47.25,-110.00,-184.00,0.20,0.22,6916,28860,27.00,125,1826,9461,1,11,3,0,3,11,0.17,0.36,0.00,45,0.00,0.00,0.00,-3.70,289.80,1111.30,-202.00,-267.50,-68.50,0.18,0.10,46088,95524,6.33,250,29468,37305,15,14,12,0,7,36,0.44,1.93,33.33,1664,33.33,1.33,3.00,0.60,320.90,2833.00,-11.27,57.33,-80.70,0.21,0.20,0,0,0,0,0,0,0,0,0,0,0,0,0,0,0,0,0,0,0,0,0,0,0,0,0,0,0,
"toothd3cay",1290,4.36,6.10,3.30,8.30,0,3,6,0,1,70,24, 52, 165, 9, 1, 21,2,8,57, 204223, 215793, 66924, 106.48, 133128,1984.2,0,12120,5881,0,1841,0,0,0,0,0,0,0,0,0,0,0,0,0,0,0,0,0,0,0,0,0,0,0,0,0,0,0,141144,118094,74.17,1286,28064,85047,36,21,54,11,18,94,0.60,4.29,83.33,4464,0.00,1.33,3.33,1.28,459.98,2300.50,53.30,48.80,-48.73,0.22,0.27,0,0,0,0,0,0,0,0,0,0,0,0,0,0,0,0,0,0,0,0,0,0,0,0,0,0,0,53442,83668,2.33,273,35195,38005,20,12,16,7,23,39,0.46,3.00,33.33,1772,0.00,1.67,4.33,-0.17,325.80,1348.93,-19.07,83.93,-6.27,0.21,0.21,9637,14031,9.00,49,3665,10076,5,0,13,6,11,32,0.72,18.00,100.00,153,0.00,1.00,5.00,0.70,323.10,997.40,53.00,100.80,1.60,0.17,0.16,
"Flipsydee",700,3.30,4.30,4.60,10.90,6,3,0,0,1,80,6, 29, 137, 14, 1, 23,4,5,48, 194593, 259686, 37968, 124.98, 126696,2168.1,12686,0,7366,0,1629,0,0,0,0,0,0,0,0,0,0,0,0,0,0,0,0,0,0,0,0,0,0,0,0,0,0,0,0,0,0,0,0,0,0,0,0,0,0,0,0,0,0,0,0,0,0,0,0,0,0,0,0,0,0,123303,137071,56.33,1049,15376,71997,24,21,57,5,16,77,0.49,3.86,66.67,3968,0.00,0.67,2.33,0.80,410.55,1538.76,12.83,-5.57,16.28,0.19,0.22,63767,108138,8.00,240,20599,45404,18,21,41,0,8,45,0.46,2.81,100.00,3456,33.33,0.67,2.33,0.13,339.13,1339.67,0.77,-14.10,120.53,0.19,0.15,7523,14477,1.00,14,1993,9295,1,4,11,1,5,15,0.55,3.00,100.00,75,0.00,0.00,0.00,-1.80,284.70,0,28.10,-71.90,0,0.17,0.09,
"lmTryingMyBest",700,1.50,4.40,7.20,6.40,1,2,1,4,2,30,12, 23, 82, 7, 1, 18,2,6,45, 134804, 266861, 40449, 83.00, 113046,2029.2,2000,2455,3571,7337,4929,49646,74207,52.00,596,9356,40972,16,25,15,2,4,12,0.38,1.24,25.00,256,0.00,0.75,2.00,-0.28,235.43,1510.35,-37.90,-71.10,-150.00,0.20,0.17,35515,41540,63.00,196,2963,15367,12,11,4,2,2,12,0.55,1.45,0.00,215,0.00,4.00,3.00,1.50,421.80,1156.50,-50.10,-63.40,-179.60,0.23,0.29,8202,24490,56.00,193,815,12785,5,4,4,1,1,4,0.43,2.25,100.00,2410,0.00,1.00,2.00,-1.10,401.50,1352.20,-5.00,19.00,144.40,0.20,0.11,22774,60628,0.50,127,15880,18497,7,17,8,1,10,13,0.43,0.88,0.00,968,0.00,1.50,2.00,-0.05,326.15,1900.60,22.80,57.95,-239.30,0.19,0.18,18667,65996,11.50,103,11435,25425,4,15,33,6,6,41,0.51,2.47,50.00,1131,0.00,0.50,1.00,0.28,253.65,943.50,8.63,3.82,48.47,0.16,0.08,
"HyIton",1000,1.76,3.40,4.50,4.50,1,3,0,2,4,10,12, 32, 107, 2, 0, 8,2,0,56, 110657, 208291, 24755, 45.45, 86311,1634.1,1129,0,4846,3309,7057,28920,28785,65.50,360,3370,19161,8,9,10,0,5,12,0.69,2.00,0.00,125,0.00,1.00,2.50,1.00,346.60,1940.20,-9.07,-18.73,-17.15,0.23,0.25,0,0,0,0,0,0,0,0,0,0,0,0,0,0,0,0,0,0,0,0,0,0,0,0,0,0,0,12142,11501,71.00,141,399,8682,6,0,4,1,1,6,0.53,10.00,100.00,111,0.00,1.00,6.00,2.00,455.50,0,83.20,0,0,0.23,0.26,38534,85410,2.67,186,11904,25133,12,12,12,3,8,27,0.65,2.00,0.00,1645,0.00,1.33,2.00,0.03,320.53,2524.40,24.80,-78.47,-69.90,0.22,0.23,31061,82595,7.00,145,9082,33335,8,24,19,8,18,62,0.47,1.13,0.00,846,0.00,0.50,1.00,-0.14,264.95,1444.25,-44.34,24.04,-131.88,0.18,0.11,
"Myster Fyster",819,5.00,9.10,3.70,9.40,1,3,0,6,0,50,11, 19, 120, 12, 4, 26,1,7,65, 249210, 223276, 81324, 29.28, 132622,1933.8,2682,0,5854,10802,0,163622,94305,62.50,1187,16574,78604,60,22,51,3,8,59,0.70,5.05,50.00,812,16.67,2.67,5.00,-0.35,304.12,1668.17,20.82,47.31,-35.09,0.25,0.33,0,0,0,0,0,0,0,0,0,0,0,0,0,0,0,0,0,0,0,0,0,0,0,0,0,0,0,21205,40823,39.00,155,9537,13716,2,8,17,2,2,18,0.46,2.38,0.00,616,0.00,0.00,0.00,-2.10,343.80,1215.70,-87.90,-166.50,15.20,0.17,0.13,64383,88148,9.33,216,55213,40302,29,7,26,6,9,43,0.65,7.86,66.67,329,0.00,1.67,8.33,0.37,358.37,1679.75,35.70,22.27,13.20,0.23,0.25,0,0,0,0,0,0,0,0,0,0,0,0,0,0,0,0,0,0,0,0,0,0,0,0,0,0,0,
"UpYourBunghole",1068,3.82,8.60,4.40,8.20,0,0,7,2,1,50,23, 20, 142, 6, 2, 14,3,5,67, 222091, 184992, 28964, 60.08, 121744,1835.7,0,13058,0,4072,1227,24394,52981,41.00,200,10541,21940,10,12,22,6,8,39,0.68,2.67,0.00,259,0.00,1.00,1.50,0.00,284.25,1613.10,15.53,-114.37,63.80,0.20,0.12,193777,124638,67.71,1322,17717,94979,76,29,57,15,9,87,0.67,4.59,71.43,3251,14.29,2.29,6.43,1.99,460.09,2021.48,95.36,4.50,-9.20,0.23,0.34,0,0,0,0,0,0,0,0,0,0,0,0,0,0,0,0,0,0,0,0,0,0,0,0,0,0,0,0,0,0,0,0,0,0,0,0,0,0,0,0,0,0,0,0,0,0,0,0,0,0,0,0,0,0,3920,7373,6.00,17,706,4825,0,3,3,2,3,16,0.60,1.00,0.00,95,0.00,0.00,0.00,-1.00,256.70,0,-71.30,-9.70,0,0.17,0.11,