"SummonerName","KDA","AvgKills","AvgDeaths","AvgAssists","TOP_played","JUNGLE_played","MID_played","ADC_played","SUPPORT_played","WinRate","VisionWards","WardsKilled","WardsPlaced","TowersKilled","InhibitorKills","DragonsKilled","RiftHeraldKilled","BaronKilled","KillContribution","TotalDamageDealtToChampions","TotalDamageTaken","TotalHeal","CCDuration","GoldEarned","AvgGameLength","PlayedLength_TOP","PlayedLength_MID","PlayedLength_JG","PlayedLength_ADC","PlayedLength_SUP","D_ADC","DT_ADC","CS_zeroToTen_ADC","CS_ADC","H_ADC","G_ADC","K_ADC","De_ADC","A_ADC","VW_ADC","WK_ADC","WP_ADC","KC_ADC","KDA_ADC","WinRate_ADC","CC_ADC","D_MID","DT_MID","CS_zeroToTen_MID","CS_MID","H_MID","G_MID","K_MID","De_MID","A_MID","VW_MID","WK_MID","WP_MID","KC_MID","KDA_MID","WinRate_MID","CC_MID","D_TOP","DT_TOP","CS_zeroToTen_TOP","CS_TOP","H_TOP","G_TOP","K_TOP","De_TOP","A_TOP","VW_TOP","WK_TOP","WP_TOP","KC_TOP","KDA_TOP","WinRate_TOP","CC_TOP","D_JG","DT_JG","CS_zeroToTen_JG","CS_JG","H_JG","G_JG","K_JG","De_JG","A_JG","VW_JG","WK_JG","WP_JG","KC_JG","KDA_JG","WinRate_JG","CC_JG","D_SUP","DT_SUP","CS_zeroToTen_SUP","CS_SUP","H_SUP","G_SUP","K_SUP","De_SUP","A_SUP","VW_SUP","WK_SUP","WP_SUP","KC_SUP","KDA_SUP","WinRate_SUP","CC_SUP"
"GladeGleamBright",2.61,6.9,5.7,8,1,6,2,0,1,40,15,33,135,7,0,9,3,4,62,210874,292862,65337,6128,123839,1804.7,2649,3163,10160,0,2075,0,0,0,0,0,0,0,0,0,0,0,0,0,0,0,0,32652,36472,63.5,300,3019,18760,10,11,10,3,3,21,0.61,0,0,168,36959,47636,72,283,4137,17886,4,9,16,0,5,16,0.57,2.22,0,515,134154,189320,9.67,487,47378,75887,53,32,34,6,19,63,0.63,2.72,50,5313,7109,19434,4,16,10803,11306,2,5,20,6,6,35,0.69,4.4,100,132
"Kiyoon",1.70,4.50,6.10,5.90,2,6,2,0,0,10,30, 44, 143, 3, 0, 7,2,2,56, 134139, 255887, 46531, 112.35, 98801,1741.1,4186,2482,10743,0,0,0,0,0,0,0,0,0,0,0,0,0,0,0,0,0,0,16737,23017,53.50,212,1005,14029,7,7,9,3,3,19,0.55,0.00,50.00,171,34849,59315,42.00,340,10301,21812,7,18,10,5,5,34,0.44,0.94,0.00,2896,82553,173555,6.17,461,35225,62960,31,36,40,22,36,90,0.60,1.97,0.00,3674,0,0,0,0,0,0,0,0,0,0,0,0,0,0,0,0,
"ChamGyoUuk",1.51,3.10,5.30,4.90,10,0,0,0,0,70,19, 28, 105, 9, 2, 13,3,0,40, 163992, 202852, 41103, 48.55, 95230,1465.1,14651,0,0,0,0,0,0,0,0,0,0,0,0,0,0,0,0,0,0,0,0,0,0,0,0,0,0,0,0,0,0,0,0,0,0,0,0,163992,202852,62.70,1479,41103,95230,31,53,49,19,28,105,0.40,1.51,70.00,2913,0,0,0,0,0,0,0,0,0,0,0,0,0,0,0,0,0,0,0,0,0,0,0,0,0,0,0,0,0,0,0,0,
"Slooshi8",2.75,6.30,4.40,5.80,0,0,6,4,0,50,12, 21, 79, 15, 1, 14,6,5,55, 221786, 184425, 29785, 60.35, 128155,1761.5,0,10901,0,6714,0,78558,74591,66.75,887,11705,53129,30,16,26,2,7,25,0.57,3.50,50.00,1910,143228,109834,77.33,1248,18080,75026,33,28,32,10,14,54,0.52,0.00,50.00,1711,0,0,0,0,0,0,0,0,0,0,0,0,0,0,0,0,0,0,0,0,0,0,0,0,0,0,0,0,0,0,0,0,0,0,0,0,0,0,0,0,0,0,0,0,0,0,0,0,
"Linsanityy",2.47,4.10,3.60,4.80,0,2,8,0,0,30,21, 23, 132, 3, 0, 8,2,2,54, 129542, 150658, 23754, 51.32, 92870,1422.4,0,10615,3609,0,0,0,0,0,0,0,0,0,0,0,0,0,0,0,0,0,0,106669,91415,72.88,1321,8639,72381,34,25,30,14,15,84,0.54,0.00,37.50,1621,0,0,0,0,0,0,0,0,0,0,0,0,0,0,0,0,22873,59243,2.50,165,15115,20489,7,11,18,7,8,48,0.56,2.27,0.00,1458,0,0,0,0,0,0,0,0,0,0,0,0,0,0,0,0,
"KiWiKiD",2.69,0.90,5.40,13.60,1,0,0,1,8,40,36, 54, 210, 7, 0, 9,0,3,60, 77329, 187604, 53072, 29.90, 92197,1812.1,1625,0,0,1535,14961,14189,16901,54.00,170,2601,9259,3,9,6,0,0,7,0.50,1.00,0.00,3,0,0,0,0,0,0,0,0,0,0,0,0,0,0,0,0,9891,13508,72.00,216,981,10269,1,2,7,3,3,10,0.44,4.00,0.00,836,0,0,0,0,0,0,0,0,0,0,0,0,0,0,0,0,53249,157195,6.00,188,49490,72669,5,43,123,33,51,193,0.62,2.98,50.00,955,
"lron Pyrite",2.39,2.80,4.90,8.90,0,0,1,1,8,40,25, 88, 279, 3, 1, 14,2,4,55, 152398, 132564, 17945, 42.43, 99283,1797.3,0,1717,0,1562,14694,9595,20526,23.00,57,3356,8210,1,6,7,2,6,21,0.57,1.33,0.00,104,20950,10089,95.00,265,146,10446,2,3,2,2,4,14,0.31,0.00,0.00,542,0,0,0,0,0,0,0,0,0,0,0,0,0,0,0,0,0,0,0,0,0,0,0,0,0,0,0,0,0,0,0,0,121853,101949,6.75,404,14443,80627,25,40,80,21,78,244,0.57,2.63,50.00,1900,
"SE MaGeRdAnGeR",5.54,5.50,2.60,8.90,0,9,0,1,0,60,31, 70, 134, 8, 4, 16,5,6,65, 152023, 247528, 77624, 106.07, 117810,1713.2,0,0,15410,1722,0,28640,17146,60.00,153,3091,14869,15,3,11,1,4,12,0.79,8.67,100.00,413,0,0,0,0,0,0,0,0,0,0,0,0,0,0,0,0,0,0,0,0,0,0,0,0,0,0,0,0,0,0,0,0,123383,230382,7.67,810,74533,102941,40,23,78,30,66,122,0.63,5.13,55.56,5951,0,0,0,0,0,0,0,0,0,0,0,0,0,0,0,0,
"TangerineOrange",3.29,4.90,4.50,9.90,0,1,1,7,1,100,25, 51, 130, 16, 3, 15,3,6,57, 211636, 174025, 48461, 59.55, 124799,1723.9,0,2403,1352,11932,1552,155294,111281,79.57,1521,16498,91064,41,30,59,13,36,84,0.56,3.33,100.00,2314,43249,30869,80.00,296,7919,16599,5,5,18,3,8,8,0.66,0.00,100.00,507,0,0,0,0,0,0,0,0,0,0,0,0,0,0,0,0,9662,19147,4.00,71,6850,9020,3,5,5,2,2,8,0.36,1.60,100.00,520,3431,12728,3.00,22,17194,8116,0,5,17,7,5,30,0.68,3.40,100.00,232,
"Ablazeolive",3.24,5.60,3.40,5.40,2,0,3,5,0,70,15, 38, 104, 17, 3, 16,5,5,53, 194159, 159134, 23943, 73.60, 115525,1536.7,3372,4352,0,7643,0,90933,74059,76.40,987,12818,56700,26,20,24,2,22,47,0.49,2.50,60.00,80,60057,39906,83.33,605,2984,35265,22,6,10,7,9,30,0.53,0.00,66.67,1454,43169,45169,62.50,398,8141,23560,8,8,20,6,7,27,0.62,3.50,100.00,2882,0,0,0,0,0,0,0,0,0,0,0,0,0,0,0,0,0,0,0,0,0,0,0,0,0,0,0,0,0,0,0,0,
"Ness Wizard",4.57,7.10,2.80,5.70,7,3,0,0,0,60,20, 92, 149, 13, 3, 12,9,7,46, 177731, 196708, 37792, 68.35, 151335,1904.2,12727,0,6315,0,0,0,0,0,0,0,0,0,0,0,0,0,0,0,0,0,0,0,0,0,0,0,0,0,0,0,0,0,0,0,0,0,0,121979,122878,72.71,1746,11986,104010,46,17,37,10,72,95,0.44,4.88,57.14,1882,55752,73830,16.00,291,25806,47325,25,11,20,10,20,54,0.49,4.09,66.67,2219,0,0,0,0,0,0,0,0,0,0,0,0,0,0,0,0,
"Cris",2.93,4.70,4.40,8.20,5,1,4,0,0,60,19, 30, 130, 15, 1, 12,4,4,54, 211523, 238019, 35244, 77.95, 116506,1661.8,9194,6570,854,0,0,0,0,0,0,0,0,0,0,0,0,0,0,0,0,0,0,77973,82005,69.00,807,10026,46761,13,20,36,6,14,50,0.54,0.00,75.00,1624,128090,146514,67.00,1035,24958,65201,32,20,45,12,15,76,0.53,3.85,60.00,3004,5460,9500,51.00,5,260,4544,2,4,1,1,1,4,0.60,0.75,0.00,49,0,0,0,0,0,0,0,0,0,0,0,0,0,0,0,0,
"PandaTV Xiaoxin",2.51,5.40,4.70,6.40,3,1,5,1,0,50,18, 31, 113, 5, 0, 18,2,2,45, 163615, 218289, 43082, 54.07, 111797,1662.8,5015,8399,1779,1435,0,11131,15264,64.00,171,2116,9055,4,8,3,0,5,6,0.30,0.88,0.00,0,90043,91604,73.00,892,9033,58076,33,21,31,11,12,61,0.48,0.00,60.00,980,40287,81380,74.00,632,20314,30913,9,14,11,5,12,34,0.33,1.43,33.33,1735,22154,30041,4.00,79,11619,13753,8,4,19,2,2,12,0.59,6.75,100.00,529,0,0,0,0,0,0,0,0,0,0,0,0,0,0,0,0,
"Duocek",2.51,4.40,5.30,8.90,1,0,8,1,0,60,34, 52, 190, 9, 4, 12,2,7,55, 221937, 243732, 43193, 56.75, 138056,2118.9,1518,18018,0,1653,0,12396,17816,75.00,182,2916,9885,3,7,4,2,5,14,0.50,1.00,0.00,146,200575,212272,74.00,2092,39372,120628,41,39,84,31,47,164,0.57,0.00,75.00,3179,8966,13644,89.00,157,905,7543,0,7,1,1,0,12,0.11,0.14,0.00,80,0,0,0,0,0,0,0,0,0,0,0,0,0,0,0,0,0,0,0,0,0,0,0,0,0,0,0,0,0,0,0,0,
"CJE Kramer",4.43,6.00,3.00,7.30,0,4,0,6,0,80,9, 32, 89, 18, 2, 14,5,5,57, 163253, 176735, 51755, 91.40, 121038,1635.6,0,0,5860,10496,0,127593,104332,68.67,1303,19909,79530,39,23,51,3,15,47,0.58,3.91,83.33,2819,0,0,0,0,0,0,0,0,0,0,0,0,0,0,0,0,0,0,0,0,0,0,0,0,0,0,0,0,0,0,0,0,35660,72403,3.25,320,31846,41508,21,7,22,6,17,42,0.56,6.14,75.00,2665,0,0,0,0,0,0,0,0,0,0,0,0,0,0,0,0,
"Poppers OP",3.53,7.20,3.80,6.20,0,1,9,0,0,70,12, 31, 105, 4, 1, 21,6,10,53, 259695, 171480, 27643, 30.15, 124715,1736.1,0,16453,908,0,0,0,0,0,0,0,0,0,0,0,0,0,0,0,0,0,0,255400,162625,68.22,1827,25611,120894,71,35,61,11,31,100,0.53,0.00,77.78,1599,0,0,0,0,0,0,0,0,0,0,0,0,0,0,0,0,4295,8855,1.00,36,2032,3821,1,3,1,1,0,5,0.67,0.67,0.00,210,0,0,0,0,0,0,0,0,0,0,0,0,0,0,0,0,
"Shiphtur",5.10,6.60,2.90,8.20,2,0,6,0,2,60,29, 41, 171, 21, 3, 12,4,4,58, 186295, 184619, 42403, 63.28, 129675,1795.6,4290,10101,0,0,3565,0,0,0,0,0,0,0,0,0,0,0,0,0,0,0,0,96688,75618,70.33,1306,12447,73619,30,11,40,18,17,83,0.61,0.00,66.67,1434,64769,72479,61.50,512,20949,34718,25,9,19,3,7,37,0.61,4.89,50.00,1919,0,0,0,0,0,0,0,0,0,0,0,0,0,0,0,0,24838,36522,1.50,28,9007,21338,11,9,23,8,17,51,0.49,3.78,50.00,444,
"Arcsecond",2.90,7.60,5.20,7.50,0,4,6,0,0,40,8, 55, 61, 10, 5, 17,4,6,56, 213147, 244789, 48043, 107.50, 131085,1920.5,0,11183,8022,0,0,0,0,0,0,0,0,0,0,0,0,0,0,0,0,0,0,113870,119433,74.33,1215,8859,71356,33,39,25,6,26,41,0.45,0.00,16.67,1408,0,0,0,0,0,0,0,0,0,0,0,0,0,0,0,0,99277,125356,4.50,343,39184,59729,43,13,50,2,29,20,0.66,7.15,75.00,5042,0,0,0,0,0,0,0,0,0,0,0,0,0,0,0,0,
"Beasted",2.52,7.50,5.00,5.10,3,5,1,1,0,50,9, 39, 73, 15, 2, 15,1,5,58, 200521, 246511, 55822, 58.52, 128324,1784.2,4979,1897,9223,1743,0,18631,29694,67.00,208,3399,9874,1,6,7,0,3,10,0.53,1.33,0.00,62,26595,25559,66.00,244,7295,15868,11,4,9,1,1,11,0.87,0.00,100.00,114,39804,55808,60.67,605,6259,34682,14,13,13,4,8,23,0.42,2.08,66.67,963,115491,135450,6.00,476,38869,67900,49,27,22,4,27,29,0.62,2.63,40.00,2372,0,0,0,0,0,0,0,0,0,0,0,0,0,0,0,0,
"Contractz",3.79,5.00,3.40,7.90,1,6,0,0,3,60,34, 38, 159, 5, 0, 5,5,3,60, 148952, 244072, 83254, 157.60, 106502,1656.4,2011,0,10057,0,4496,0,0,0,0,0,0,0,0,0,0,0,0,0,0,0,0,0,0,0,0,0,0,0,0,0,0,0,0,0,0,0,0,22901,28924,64.00,272,3646,14336,10,8,2,1,2,14,0.63,1.50,0.00,251,99798,171176,7.50,535,71909,68994,35,15,49,20,24,73,0.64,5.60,66.67,8296,26253,43972,4.67,68,7699,23172,5,11,28,13,12,72,0.51,3.00,66.67,909,
"OG DoubleG",3.84,3.30,3.80,11.30,1,1,0,4,4,70,25, 51, 162, 9, 2, 14,0,4,61, 124785, 159273, 33433, 55.63, 113476,1783.8,2490,0,764,6977,7607,73920,54400,86.75,989,8038,51890,21,7,29,8,14,43,0.52,7.14,75.00,1283,0,0,0,0,0,0,0,0,0,0,0,0,0,0,0,0,20945,25933,72.00,240,4249,16703,6,4,15,2,2,22,0.70,5.25,100.00,1114,2497,6100,6.00,35,1664,3940,1,2,3,0,1,0,1.00,2.00,0.00,198,27423,72840,2.50,71,19482,40943,5,25,66,15,34,97,0.66,2.84,75.00,743,
"Solarshower",3.62,1.90,3.40,10.40,0,0,0,1,9,40,24, 83, 253, 4, 0, 14,4,4,61, 61020, 186422, 42778, 19.55, 81197,1751.5,0,0,0,804,16711,1085,3716,8.00,9,540,2689,1,1,0,1,0,4,1.00,1.00,0.00,12,0,0,0,0,0,0,0,0,0,0,0,0,0,0,0,0,0,0,0,0,0,0,0,0,0,0,0,0,0,0,0,0,0,0,0,0,0,0,0,0,0,0,0,0,0,0,0,0,59935,182706,13.11,390,42238,78508,18,33,104,23,83,249,0.61,3.70,44.44,1161,
"Celend",3.78,4.60,4.10,10.90,0,5,5,0,0,70,33, 48, 137, 4, 1, 11,1,5,59, 179695, 212615, 45157, 56.63, 116344,1786.5,0,8909,8956,0,0,0,0,0,0,0,0,0,0,0,0,0,0,0,0,0,0,103851,79576,70.80,969,5573,59828,22,17,53,16,20,80,0.61,0.00,80.00,848,0,0,0,0,0,0,0,0,0,0,0,0,0,0,0,0,75844,133039,3.40,337,39584,56516,24,24,56,17,28,57,0.58,3.33,60.00,2550,0,0,0,0,0,0,0,0,0,0,0,0,0,0,0,0,
"Sudzzi",2.08,4.70,5.30,6.30,5,0,5,0,0,30,3, 17, 111, 5, 0, 11,2,6,50, 199111, 246461, 50374, 73.42, 122100,1887.1,10761,8110,0,0,0,0,0,0,0,0,0,0,0,0,0,0,0,0,0,0,0,86180,85359,73.20,1055,4509,53231,25,26,23,1,8,43,0.51,0.00,0.00,830,112931,161102,63.20,1271,45865,68869,22,27,40,2,9,68,0.48,2.30,60.00,3575,0,0,0,0,0,0,0,0,0,0,0,0,0,0,0,0,0,0,0,0,0,0,0,0,0,0,0,0,0,0,0,0,
"keanefo",2.76,5.80,3.80,4.70,4,2,4,0,0,80,15, 21, 95, 27, 1, 10,9,6,47, 165103, 175491, 38599, 71.23, 115250,1487.9,5849,5576,3454,0,0,0,0,0,0,0,0,0,0,0,0,0,0,0,0,0,0,75893,55424,72.00,690,11097,46961,32,9,18,5,10,34,0.60,0.00,100.00,1013,62133,63412,80.00,764,17581,47376,19,12,18,7,7,39,0.39,3.08,100.00,360,27077,56655,6.50,132,9921,20913,7,17,11,3,4,22,0.42,1.06,0.00,2901,0,0,0,0,0,0,0,0,0,0,0,0,0,0,0,0,
"Nightblue3",3.43,6.70,4.60,9.10,0,9,0,0,1,80,31, 69, 205, 6, 2, 15,4,6,59, 172491, 227325, 70566, 160.53, 123127,1740,0,0,15577,0,1823,0,0,0,0,0,0,0,0,0,0,0,0,0,0,0,0,0,0,0,0,0,0,0,0,0,0,0,0,0,0,0,0,0,0,0,0,0,0,0,0,0,0,0,0,0,0,0,0,162987,201290,7.56,726,64142,111870,63,42,77,28,67,182,0.59,3.33,77.78,9149,9504,26035,10.00,52,6424,11257,4,4,14,3,2,23,0.56,4.50,100.00,483,
"Nexevis",1.81,4.30,6.20,6.90,1,5,4,0,0,30,32, 38, 144, 3, 0, 12,2,6,47, 169204, 278694, 58461, 112.00, 114194,1942.6,1913,8398,9115,0,0,0,0,0,0,0,0,0,0,0,0,0,0,0,0,0,0,86847,97166,67.25,704,9929,52151,26,27,28,13,15,63,0.49,0.00,50.00,877,12093,32000,57.00,160,1863,9591,1,9,4,3,2,11,0.28,0.56,0.00,439,70264,149528,3.20,400,46669,52452,16,26,37,16,21,70,0.50,2.04,20.00,5404,0,0,0,0,0,0,0,0,0,0,0,0,0,0,0,0,
"TwitchTV LOLFILL",2.33,4.10,5.50,8.70,0,0,5,1,4,40,27, 63, 179, 7, 0, 11,5,5,58, 153297, 193274, 40332, 51.25, 112772,1873,0,9021,0,2206,7503,34969,30159,62.00,244,5214,15153,6,11,9,0,9,10,0.63,1.36,0.00,167,99450,83729,68.80,943,7331,63825,34,26,26,10,22,68,0.54,0.00,40.00,2145,0,0,0,0,0,0,0,0,0,0,0,0,0,0,0,0,0,0,0,0,0,0,0,0,0,0,0,0,0,0,0,0,18878,79386,6.50,97,27787,33794,1,18,52,17,32,101,0.62,2.94,50.00,763,
"Grigne",3.11,4.50,4.70,10.10,0,6,1,0,3,50,21, 43, 181, 4, 2, 7,3,5,62, 143048, 297957, 82509, 88.67, 108367,1734.3,0,2093,9459,0,5791,0,0,0,0,0,0,0,0,0,0,0,0,0,0,0,0,23756,29184,81.00,223,2887,12780,5,7,6,2,3,15,0.41,0.00,0.00,30,0,0,0,0,0,0,0,0,0,0,0,0,0,0,0,0,89697,171661,4.33,528,60456,65535,30,19,45,10,24,67,0.61,3.95,66.67,4586,29595,97112,11.33,113,19166,30052,10,21,50,9,16,99,0.70,2.86,33.33,704,
"Allorim",4.42,4.10,3.80,12.70,8,0,2,0,0,70,10, 49, 127, 7, 0, 10,4,7,59, 176229, 253240, 52664, 196.07, 123821,1911.2,14416,4696,0,0,0,0,0,0,0,0,0,0,0,0,0,0,0,0,0,0,0,32502,51245,75.00,498,4571,27882,6,12,30,2,17,31,0.59,0.00,50.00,2155,143727,201995,76.00,1588,48093,95939,35,26,97,8,32,96,0.59,5.08,75.00,9609,0,0,0,0,0,0,0,0,0,0,0,0,0,0,0,0,0,0,0,0,0,0,0,0,0,0,0,0,0,0,0,0,
"Qq1035716423me",5.94,1.40,1.60,8.10,0,0,0,3,7,70,27, 46, 156, 9, 1, 9,6,0,53, 45790, 80208, 19042, 14.07, 69510,1277.8,0,0,0,3509,9269,20313,30932,33.67,292,5067,21284,7,8,13,5,6,28,0.35,2.50,66.67,209,0,0,0,0,0,0,0,0,0,0,0,0,0,0,0,0,0,0,0,0,0,0,0,0,0,0,0,0,0,0,0,0,0,0,0,0,0,0,0,0,0,0,0,0,0,0,0,0,25477,49276,2.43,121,13975,48226,7,8,68,22,40,128,0.62,9.38,71.43,635,
"Always Blaming",1.61,4.70,6.60,5.90,3,0,6,0,1,40,24, 46, 145, 13, 1, 9,3,3,46, 240626, 224974, 29696, 89.50, 117838,1829.6,5003,11809,0,0,1484,0,0,0,0,0,0,0,0,0,0,0,0,0,0,0,0,166071,128817,75.50,1416,10304,76679,31,45,40,17,41,94,0.51,0.00,33.33,3660,62107,86857,63.67,590,18536,33169,13,16,13,4,2,35,0.37,1.63,33.33,1620,0,0,0,0,0,0,0,0,0,0,0,0,0,0,0,0,12448,9300,4.00,18,856,7990,3,5,6,3,3,16,0.39,1.80,100.00,90,
"Damonte",1.93,4.20,5.50,6.40,1,0,9,0,0,40,17, 23, 100, 6, 1, 5,3,3,52, 179775, 200989, 22670, 41.13, 116355,1762.1,1280,16341,0,0,0,0,0,0,0,0,0,0,0,0,0,0,0,0,0,0,0,168031,186441,76.22,1896,18962,106585,36,53,55,15,22,94,0.51,0.00,33.33,2074,11744,14548,58.00,135,3708,9770,6,2,9,2,1,6,0.63,7.50,100.00,394,0,0,0,0,0,0,0,0,0,0,0,0,0,0,0,0,0,0,0,0,0,0,0,0,0,0,0,0,0,0,0,0,
"Never Blaming",2.30,6.70,5.70,6.40,1,4,5,0,0,30,13, 35, 95, 8, 1, 13,3,6,60, 223640, 309335, 92877, 76.43, 123152,1773.3,2929,7816,6988,0,0,0,0,0,0,0,0,0,0,0,0,0,0,0,0,0,0,108185,104997,67.20,856,17589,55076,29,27,16,5,8,34,0.57,0.00,20.00,1237,30396,64423,73.00,216,15989,17467,6,9,5,1,9,16,0.48,1.22,0.00,1472,85059,139915,14.75,365,59299,50609,32,21,43,7,18,45,0.64,3.57,50.00,1877,0,0,0,0,0,0,0,0,0,0,0,0,0,0,0,0,
"dT Hoglet",3.18,6.80,4.90,8.80,1,7,0,1,1,80,19, 56, 151, 8, 1, 16,5,5,63, 203859, 254760, 76196, 103.17, 123933,1676.9,1860,0,10602,2280,2027,30020,31580,75.00,267,3220,15533,6,12,6,0,4,13,0.50,1.00,0.00,267,0,0,0,0,0,0,0,0,0,0,0,0,0,0,0,0,36524,36646,78.00,271,13011,15919,8,5,10,1,3,13,0.58,3.60,100.00,128,127265,160984,4.29,649,56275,81471,51,26,60,15,40,95,0.70,4.27,85.71,5453,10050,25550,14.00,55,3690,11010,3,6,12,3,9,30,0.45,2.50,100.00,342,
"REN Freeze",2.86,4.10,3.60,6.20,0,0,0,10,0,50,4, 31, 72, 22, 2, 11,6,2,46, 178560, 150845, 25890, 20.88, 116041,1637.8,0,0,0,16378,0,178560,150845,73.80,1994,25890,116041,41,36,62,4,31,72,0.46,2.86,50.00,1253,0,0,0,0,0,0,0,0,0,0,0,0,0,0,0,0,0,0,0,0,0,0,0,0,0,0,0,0,0,0,0,0,0,0,0,0,0,0,0,0,0,0,0,0,0,0,0,0,0,0,0,0,0,0,0,0,0,0,0,0,0,0,0,0,
"Butler Delta",2.84,3.40,4.30,8.80,6,0,4,0,0,40,25, 31, 137, 7, 1, 15,3,4,55, 191706, 212356, 58975, 206.50, 122488,1812.8,10000,8128,0,0,0,0,0,0,0,0,0,0,0,0,0,0,0,0,0,0,0,91398,104749,60.50,878,32285,53897,18,19,43,4,19,56,0.55,0.00,25.00,9447,100308,107607,63.83,1197,26690,68591,16,24,45,21,12,81,0.55,2.54,50.00,2943,0,0,0,0,0,0,0,0,0,0,0,0,0,0,0,0,0,0,0,0,0,0,0,0,0,0,0,0,0,0,0,0,
"fragas is a rat",3.92,8.10,3.70,6.40,0,0,1,9,0,70,5, 33, 101, 26, 5, 13,4,4,58, 239851, 180059, 27707, 36.95, 135487,1769.3,0,1986,0,15707,0,226913,168094,75.78,1949,26550,123609,78,34,61,4,30,90,0.58,4.09,77.78,2180,12938,11965,77.00,213,1157,11878,3,3,3,1,3,11,0.50,0.00,0.00,37,0,0,0,0,0,0,0,0,0,0,0,0,0,0,0,0,0,0,0,0,0,0,0,0,0,0,0,0,0,0,0,0,0,0,0,0,0,0,0,0,0,0,0,0,0,0,0,0,
"Q1035716423",2.59,6.60,6.80,11.00,3,4,0,3,0,50,14, 36, 129, 9, 4, 12,5,3,61, 202979, 288905, 50567, 117.03, 125762,1901.8,6454,0,7417,5147,0,67634,56435,58.67,591,10721,39725,23,16,30,1,6,31,0.62,3.31,66.67,657,0,0,0,0,0,0,0,0,0,0,0,0,0,0,0,0,72932,105036,60.67,547,11524,39160,19,30,29,2,5,24,0.51,1.60,33.33,2870,62413,127434,3.75,326,28322,46877,24,22,51,11,25,74,0.70,3.41,50.00,3495,0,0,0,0,0,0,0,0,0,0,0,0,0,0,0,0,
"iq1035716423",3.59,0.70,3.90,13.30,0,0,0,0,10,70,45, 87, 278, 0, 0, 11,3,7,55, 58172, 166694, 50205, 58.57, 84510,1723.9,0,0,0,0,17239,0,0,0,0,0,0,0,0,0,0,0,0,0,0,0,0,0,0,0,0,0,0,0,0,0,0,0,0,0,0,0,0,0,0,0,0,0,0,0,0,0,0,0,0,0,0,0,0,0,0,0,0,0,0,0,0,0,0,0,0,0,0,0,0,58172,166694,10.90,385,50205,84510,7,39,133,45,87,278,0.55,3.59,70.00,3514,
"Lohpally",3.49,1.10,4.10,13.20,1,0,0,0,9,50,40, 79, 272, 4, 0, 11,2,5,61, 75351, 178797, 86776, 33.47, 98108,1874.7,1297,0,0,0,17450,0,0,0,0,0,0,0,0,0,0,0,0,0,0,0,0,0,0,0,0,0,0,0,0,0,0,0,0,0,0,0,0,4816,10950,50.00,127,694,8613,3,2,13,1,0,9,0.44,8.00,100.00,167,0,0,0,0,0,0,0,0,0,0,0,0,0,0,0,0,70535,167847,9.00,329,86082,89495,8,39,119,39,79,263,0.64,3.26,44.44,1841,
"Lokeneve",2.59,9.30,6.90,8.60,2,1,0,7,0,80,16, 38, 113, 29, 4, 12,2,9,58, 270796, 263018, 50343, 60.42, 157619,1855.3,3938,0,1200,13415,0,223132,182294,65.14,1637,30704,116152,80,48,54,9,30,86,0.60,2.79,85.71,2379,0,0,0,0,0,0,0,0,0,0,0,0,0,0,0,0,44346,68208,67.50,482,18105,33487,13,14,29,5,6,22,0.53,3.00,100.00,1246,3318,12516,71.00,9,1534,7980,0,7,3,2,2,5,0.38,0.43,0.00,0,0,0,0,0,0,0,0,0,0,0,0,0,0,0,0,0,
"KElTHMCBRlEF",3.21,6.60,4.20,6.90,0,0,1,8,1,80,12, 32, 97, 17, 2, 13,5,5,48, 206362, 190126, 35416, 43.62, 127769,1647.8,0,1567,0,13289,1622,178116,147715,76.63,1773,27787,106980,61,32,40,7,27,70,0.50,3.16,75.00,2018,21255,18921,69.00,181,948,11265,3,7,7,2,1,8,0.26,0.00,100.00,179,0,0,0,0,0,0,0,0,0,0,0,0,0,0,0,0,0,0,0,0,0,0,0,0,0,0,0,0,0,0,0,0,6991,23490,9.00,32,6681,9524,2,3,22,3,4,19,0.59,8.00,100.00,420,
"Liquid Smoothie",3.11,2.30,4.40,11.40,1,1,1,0,7,50,57, 60, 300, 2, 0, 7,2,6,70, 88974, 203855, 56943, 69.22, 99995,1943.1,2059,2748,1828,0,12796,0,0,0,0,0,0,0,0,0,0,0,0,0,0,0,0,14433,19869,59.00,251,1303,15460,1,5,13,3,6,24,0.64,0.00,100.00,967,14184,21542,53.00,167,767,12085,3,4,12,2,3,15,0.75,3.75,100.00,857,13373,38086,6.00,78,21053,13337,10,1,12,4,9,9,0.92,22.00,100.00,795,46984,124358,5.00,166,33820,59113,9,34,77,48,42,252,0.66,2.53,28.57,1534,
"Pooky Wan Kenobi",2.51,3.70,5.30,9.60,0,1,0,0,9,50,27, 52, 209, 0, 0, 9,6,4,58, 101561, 175742, 45099, 35.42, 91587,1650.6,0,0,1480,0,15026,0,0,0,0,0,0,0,0,0,0,0,0,0,0,0,0,0,0,0,0,0,0,0,0,0,0,0,0,0,0,0,0,0,0,0,0,0,0,0,0,0,0,0,0,0,0,0,0,16840,12828,1.00,0,4727,11263,8,3,17,0,3,12,0.66,8.33,100.00,366,84721,162914,6.00,248,40372,80324,29,50,79,27,49,197,0.56,2.16,44.44,1759,
"Amature",2.58,6.70,5.50,7.50,8,0,0,1,1,50,21, 34, 128, 6, 3, 8,3,4,55, 195714, 271232, 54641, 129.55, 116227,1736.9,14464,0,0,1214,1691,8858,7164,71.00,154,957,8570,4,3,3,2,3,6,0.33,2.33,100.00,170,0,0,0,0,0,0,0,0,0,0,0,0,0,0,0,0,175347,240394,60.50,1428,51917,98923,58,43,69,17,31,104,0.58,2.95,50.00,6645,0,0,0,0,0,0,0,0,0,0,0,0,0,0,0,0,11509,23674,18.00,45,1767,8734,5,9,3,2,0,18,0.38,0.89,0.00,958,
"1onz",3.39,0.60,4.10,13.30,0,0,0,0,10,70,44, 70, 251, 3, 1, 15,5,6,58, 59379, 137545, 115812, 32.77, 87655,1750.2,0,0,0,0,17502,0,0,0,0,0,0,0,0,0,0,0,0,0,0,0,0,0,0,0,0,0,0,0,0,0,0,0,0,0,0,0,0,0,0,0,0,0,0,0,0,0,0,0,0,0,0,0,0,0,0,0,0,0,0,0,0,0,0,0,0,0,0,0,0,59379,137545,4.50,234,115812,87655,6,41,133,44,70,251,0.58,3.39,70.00,1966,
"JiaQQ1035716423",4.14,2.60,3.70,12.70,0,1,2,2,5,90,29, 67, 190, 8, 4, 17,5,6,57, 122584, 171440, 39208, 33.55, 102323,1712.4,0,3252,2145,2942,8785,29701,24793,35.00,244,8022,20725,7,6,18,2,7,19,0.46,4.17,100.00,203,33936,35832,55.50,315,3184,20346,7,11,14,5,8,19,0.46,0.00,50.00,710,0,0,0,0,0,0,0,0,0,0,0,0,0,0,0,0,5094,24792,6.00,0,1936,9927,0,7,14,6,18,32,0.64,2.00,100.00,104,53853,86023,7.40,175,26066,51325,12,13,81,16,34,120,0.63,7.15,100.00,996,
"Ohh Wonder",2.09,4.10,4.70,5.70,1,3,0,6,0,20,47, 53, 181, 6, 0, 10,2,2,53, 142811, 181849, 35925, 51.37, 106311,1737,1730,0,5519,10121,0,88222,87297,64.67,1128,17573,66243,30,26,32,23,29,96,0.54,2.38,33.33,838,0,0,0,0,0,0,0,0,0,0,0,0,0,0,0,0,10451,21639,58.00,203,3317,9262,1,3,6,4,3,14,0.58,2.33,0.00,829,44138,72913,10.00,212,15035,30806,10,18,19,20,21,71,0.50,1.61,0.00,1415,0,0,0,0,0,0,0,0,0,0,0,0,0,0,0,0,
"tehgameguy",3.94,0.60,3.40,12.80,0,0,0,0,10,60,30, 47, 234, 1, 1, 11,3,4,61, 40631, 120940, 70375, 19.70, 75824,1527.9,0,0,0,0,15279,0,0,0,0,0,0,0,0,0,0,0,0,0,0,0,0,0,0,0,0,0,0,0,0,0,0,0,0,0,0,0,0,0,0,0,0,0,0,0,0,0,0,0,0,0,0,0,0,0,0,0,0,0,0,0,0,0,0,0,0,0,0,0,0,40631,120940,3.40,132,70375,75824,6,34,128,30,47,234,0.61,3.94,60.00,1182,
"Puncho",3.13,7.00,4.70,7.70,3,0,1,4,2,50,11, 53, 103, 12, 4, 17,4,5,59, 197819, 202635, 27619, 80.05, 119707,1791.7,5286,2062,0,7149,3420,107419,66119,68.50,791,11704,54555,36,12,25,1,23,32,0.67,5.08,75.00,1821,18027,28929,57.00,159,2409,11613,2,11,8,0,4,9,0.37,0.00,0.00,309,61324,66089,54.67,483,6447,37166,31,16,24,5,20,22,0.59,3.44,33.33,1778,0,0,0,0,0,0,0,0,0,0,0,0,0,0,0,0,11049,41498,8.50,64,7059,16373,1,8,20,5,6,40,0.54,2.63,50.00,895,
"Chimonaa1",3.34,4.20,3.50,7.50,4,2,2,2,0,40,10, 28, 102, 8, 0, 12,5,2,55, 184141, 198800, 46615, 85.95, 115454,1668.2,5860,3479,3996,3347,0,37739,26904,54.50,402,6915,23909,7,7,20,1,6,19,0.53,3.86,50.00,323,35849,31356,67.00,431,2473,24784,11,5,8,3,4,27,0.58,0.00,50.00,365,63589,77143,68.75,762,15592,38717,11,14,27,4,5,35,0.52,2.71,50.00,2687,46964,63397,9.00,218,21635,28044,13,9,20,2,13,21,0.60,3.67,0.00,1782,0,0,0,0,0,0,0,0,0,0,0,0,0,0,0,0,
"QQ1035716423q",4.95,1.50,2.20,9.40,0,0,0,2,8,80,33, 50, 193, 9, 0, 12,6,2,53, 69580, 104568, 50589, 21.53, 83397,1530.8,0,0,0,2715,12593,25600,22851,76.00,326,4087,19085,7,4,17,2,5,22,0.53,6.00,100.00,0,0,0,0,0,0,0,0,0,0,0,0,0,0,0,0,0,0,0,0,0,0,0,0,0,0,0,0,0,0,0,0,0,0,0,0,0,0,0,0,0,0,0,0,0,0,0,0,0,43980,81717,2.75,173,46502,64312,8,18,77,31,45,171,0.53,4.72,75.00,1292,
"Pants are Dragon",3.23,3.40,5.30,13.70,0,5,0,0,5,80,38, 72, 204, 3, 0, 18,5,5,56, 125476, 279050, 128210, 89.83, 115385,1982,0,0,9617,0,10203,0,0,0,0,0,0,0,0,0,0,0,0,0,0,0,0,0,0,0,0,0,0,0,0,0,0,0,0,0,0,0,0,0,0,0,0,0,0,0,0,0,0,0,0,0,0,0,0,87608,164542,7.00,405,59796,61463,24,22,57,21,39,58,0.53,3.68,80.00,3975,37868,114508,12.20,241,68414,53922,10,31,80,17,33,146,0.58,2.90,80.00,1415,
"GroundEffect",1.31,5.50,6.70,3.30,1,1,4,4,0,20,21, 29, 103, 6, 0, 8,4,1,46, 190542, 184578, 26329, 40.47, 98420,1511.6,1448,5496,1288,6884,0,98665,77973,67.00,868,12144,49088,28,29,19,7,14,49,0.47,1.62,25.00,688,74413,65191,48.25,489,7510,34325,21,22,11,9,7,34,0.42,0.00,25.00,1241,7970,25013,54.00,164,5742,7296,0,7,2,3,4,12,0.33,0.29,0.00,385,9494,16401,59.00,5,933,7711,6,9,1,2,4,8,0.64,0.78,0.00,114,0,0,0,0,0,0,0,0,0,0,0,0,0,0,0,0,
"lIlIIIIIllIIIl",2.30,6.10,5.30,6.10,3,0,7,0,0,60,24, 27, 132, 16, 2, 12,0,4,47, 175524, 176797, 15170, 52.28, 112046,1589.7,4497,11400,0,0,0,0,0,0,0,0,0,0,0,0,0,0,0,0,0,0,0,131365,129962,52.57,1093,13871,80613,47,43,46,18,18,96,0.47,0.00,57.14,2830,44159,46835,65.33,564,1299,31433,14,10,15,6,9,36,0.47,2.90,66.67,307,0,0,0,0,0,0,0,0,0,0,0,0,0,0,0,0,0,0,0,0,0,0,0,0,0,0,0,0,0,0,0,0,
"TiP Past",4.05,4.10,4.20,12.90,0,3,0,2,5,60,29, 61, 180, 1, 1, 12,6,4,68, 134407, 255076, 80496, 78.65, 102080,1650.4,0,0,5076,3784,7644,46578,43997,62.00,347,7087,23233,7,15,19,0,11,20,0.53,1.73,0.00,1254,0,0,0,0,0,0,0,0,0,0,0,0,0,0,0,0,0,0,0,0,0,0,0,0,0,0,0,0,0,0,0,0,54583,110552,5.33,258,42825,34914,18,11,31,7,24,54,0.71,4.45,66.67,1844,33246,100527,8.60,106,30584,43933,16,16,79,22,26,106,0.71,5.94,80.00,1621,
"jonzaler",3.43,8.90,4.70,7.20,3,0,0,7,0,70,11, 32, 101, 22, 3, 12,2,5,60, 243023, 231976, 63974, 73.88, 126580,1714,5494,0,0,11646,0,160822,115006,63.86,1188,21770,86435,59,31,44,5,25,63,0.57,3.32,71.43,3253,0,0,0,0,0,0,0,0,0,0,0,0,0,0,0,0,82201,116970,66.00,586,42204,40145,30,16,28,6,7,38,0.67,3.63,66.67,1180,0,0,0,0,0,0,0,0,0,0,0,0,0,0,0,0,0,0,0,0,0,0,0,0,0,0,0,0,0,0,0,0,
"GangstahSwerve",2.39,7.00,5.90,7.10,0,10,0,0,0,40,24, 67, 149, 6, 0, 12,3,7,59, 200477, 341056, 108017, 102.88, 121644,1864.1,0,0,18641,0,0,0,0,0,0,0,0,0,0,0,0,0,0,0,0,0,0,0,0,0,0,0,0,0,0,0,0,0,0,0,0,0,0,0,0,0,0,0,0,0,0,0,0,0,0,0,0,0,0,200477,341056,2.70,844,108017,121644,70,59,71,24,67,149,0.59,2.39,40.00,6173,0,0,0,0,0,0,0,0,0,0,0,0,0,0,0,0,
"Nocturneking2",3.48,6.70,4.80,10.00,2,6,1,1,0,70,24, 65, 142, 13, 1, 11,5,5,62, 204340, 284930, 97185, 81.40, 123549,1753.6,3951,1405,10806,1374,0,19373,12297,42.00,135,1839,9100,4,5,7,0,0,5,0.38,2.20,100.00,56,10982,11397,62.00,155,632,9452,4,4,6,2,0,9,0.43,0.00,100.00,130,51130,57779,75.50,441,11950,29885,14,12,20,5,4,29,0.60,2.83,50.00,855,122855,203457,7.67,500,82764,75112,45,27,67,17,61,99,0.69,4.15,66.67,3843,0,0,0,0,0,0,0,0,0,0,0,0,0,0,0,0,
"GG Oddie",3.30,5.60,4.70,9.90,0,5,2,1,2,30,29, 69, 153, 3, 0, 7,1,1,60, 167119, 262392, 83529, 93.55, 116057,1887.8,0,3304,10130,2481,2963,27290,21913,65.00,246,3146,17142,12,7,12,2,3,17,0.60,3.43,0.00,575,30278,30033,66.00,326,2456,18734,8,9,7,4,2,25,0.54,0.00,0.00,441,0,0,0,0,0,0,0,0,0,0,0,0,0,0,0,0,97787,180952,6.00,472,73255,66458,34,22,63,16,52,75,0.69,4.41,40.00,4381,11764,29494,10.50,60,4672,13723,2,9,17,7,12,36,0.40,2.11,50.00,216,
"DIG Kirei",2.09,6.20,6.50,7.40,0,9,1,0,0,50,19, 38, 95, 9, 2, 7,7,3,60, 195094, 256539, 75610, 76.78, 107312,1573.5,0,1655,14080,0,0,0,0,0,0,0,0,0,0,0,0,0,0,0,0,0,0,16856,17088,60.00,172,782,11003,4,9,4,2,1,7,0.38,0.00,0.00,312,0,0,0,0,0,0,0,0,0,0,0,0,0,0,0,0,178238,239451,4.78,701,74828,96309,58,56,70,17,37,88,0.62,2.29,55.56,4295,0,0,0,0,0,0,0,0,0,0,0,0,0,0,0,0,
"DZG 6ulb3tier",2.06,6.90,6.50,6.50,0,3,1,6,0,40,4, 59, 137, 8, 1, 15,1,2,57, 208711, 210892, 31933, 50.52, 127484,1848.7,0,2051,5251,11185,0,142002,111169,74.17,1401,16873,80348,46,37,32,2,41,75,0.57,2.11,33.33,1085,18982,22618,56.00,186,1886,13254,7,10,4,0,3,13,0.73,0.00,0.00,436,0,0,0,0,0,0,0,0,0,0,0,0,0,0,0,0,47727,77105,23.33,136,13174,33882,16,18,29,2,15,49,0.55,2.50,66.67,1510,0,0,0,0,0,0,0,0,0,0,0,0,0,0,0,0,
"KeepoKing",3.44,7.80,5.20,10.10,1,0,2,7,0,90,11, 24, 88, 19, 4, 11,7,6,55, 249160, 231239, 49130, 71.85, 132361,1690.6,1633,3771,0,11502,0,182320,133642,63.14,1353,26317,93827,59,38,71,7,16,60,0.58,3.42,85.71,2219,48004,64973,77.50,424,13443,26554,14,9,17,3,7,20,0.55,0.00,100.00,1415,18836,32624,62.00,171,9370,11980,5,5,13,1,1,8,0.40,3.60,100.00,677,0,0,0,0,0,0,0,0,0,0,0,0,0,0,0,0,0,0,0,0,0,0,0,0,0,0,0,0,0,0,0,0,
"Rohammers",2.90,6.60,4.90,7.60,8,0,2,0,0,50,26, 22, 94, 9, 0, 9,1,4,51, 238579, 260412, 68594, 85.93, 127100,1766.4,14282,3382,0,0,0,0,0,0,0,0,0,0,0,0,0,0,0,0,0,0,0,52532,46779,64.00,316,14948,26587,18,11,22,3,4,10,0.61,0.00,100.00,1012,186047,213633,65.75,1599,53646,100513,48,38,54,23,18,84,0.49,2.68,37.50,4144,0,0,0,0,0,0,0,0,0,0,0,0,0,0,0,0,0,0,0,0,0,0,0,0,0,0,0,0,0,0,0,0,
"C9 Sneaky",3.84,10.60,5.10,9.00,0,0,0,10,0,70,22, 47, 93, 29, 6, 17,1,5,68, 273726, 200900, 37496, 55.02, 154825,1900.5,0,0,0,19005,0,273726,200900,80.00,2299,37496,154825,106,51,90,22,47,93,0.68,3.84,70.00,3301,0,0,0,0,0,0,0,0,0,0,0,0,0,0,0,0,0,0,0,0,0,0,0,0,0,0,0,0,0,0,0,0,0,0,0,0,0,0,0,0,0,0,0,0,0,0,0,0,0,0,0,0,0,0,0,0,0,0,0,0,0,0,0,0,
"Pretty Raheem",2.79,6.30,4.70,6.80,0,0,1,9,0,70,25, 30, 117, 18, 3, 17,2,7,58, 221866, 175148, 32133, 55.85, 130495,1777.2,0,1060,0,16712,0,208966,167520,75.78,2053,31607,121361,54,44,65,23,30,112,0.59,2.70,66.67,3094,12900,7628,83.00,132,526,9134,9,3,3,2,0,5,0.50,0.00,100.00,257,0,0,0,0,0,0,0,0,0,0,0,0,0,0,0,0,0,0,0,0,0,0,0,0,0,0,0,0,0,0,0,0,0,0,0,0,0,0,0,0,0,0,0,0,0,0,0,0,
"sanspareil2016",3.16,5.30,3.80,6.70,0,10,0,0,0,70,30, 61, 126, 3, 1, 9,7,3,55, 134670, 206917, 85123, 96.88, 103349,1537.2,0,0,15372,0,0,0,0,0,0,0,0,0,0,0,0,0,0,0,0,0,0,0,0,0,0,0,0,0,0,0,0,0,0,0,0,0,0,0,0,0,0,0,0,0,0,0,0,0,0,0,0,0,0,134670,206917,6.30,779,85123,103349,53,38,67,30,61,126,0.55,3.16,70.00,5813,0,0,0,0,0,0,0,0,0,0,0,0,0,0,0,0,
"Best Riven NA",4.82,4.70,3.30,11.20,6,2,0,1,1,60,25, 29, 130, 11, 0, 14,3,8,51, 165479, 301669, 116830, 90.03, 120050,1799.4,10985,0,3525,1747,1737,5212,33270,25.00,63,12837,9100,3,5,11,1,2,18,0.61,2.80,0.00,136,0,0,0,0,0,0,0,0,0,0,0,0,0,0,0,0,119098,168345,64.33,1181,48510,74241,31,23,50,10,11,67,0.45,3.52,50.00,3468,33366,78315,12.00,200,42052,26517,12,3,23,10,9,19,0.50,11.67,100.00,1439,7803,21739,14.00,49,13431,10192,1,2,28,4,7,26,0.78,14.50,100.00,359,
"C9 Meteos",2.00,3.80,4.60,5.40,1,5,1,1,2,30,18, 81, 137, 10, 0, 9,2,1,49, 119352, 214724, 52124, 68.53, 108080,1737,1889,1862,8181,1788,3650,10461,15300,82.00,237,2713,10655,1,4,1,3,1,11,0.25,0.50,0.00,349,14097,18955,58.00,217,1441,12343,6,6,4,0,6,11,0.53,0.00,0.00,201,16061,19411,77.00,269,1320,13586,7,6,2,2,4,13,0.45,1.50,0.00,143,64270,114428,3.40,474,41874,55214,22,16,29,10,49,52,0.51,3.19,60.00,3110,14463,46630,1.50,43,4776,16282,2,14,18,3,21,50,0.50,1.43,0.00,309,
"kina",3.17,6.80,4.10,6.20,9,0,0,1,0,70,31, 38, 142, 18, 5, 12,4,6,54, 249060, 218699, 44804, 47.80, 140580,1781,16081,0,0,1729,0,33424,15525,79.00,217,4260,13416,11,2,5,3,3,12,0.67,8.00,100.00,114,0,0,0,0,0,0,0,0,0,0,0,0,0,0,0,0,215636,203174,70.56,2190,40544,127164,57,39,57,28,35,130,0.52,2.92,66.67,2754,0,0,0,0,0,0,0,0,0,0,0,0,0,0,0,0,0,0,0,0,0,0,0,0,0,0,0,0,0,0,0,0,
"Piggy Kitten",2.80,5.60,5.10,8.70,0,0,10,0,0,60,21, 35, 140, 11, 3, 18,8,7,52, 212614, 201792, 38869, 49.42, 127707,1861.8,0,18618,0,0,0,0,0,0,0,0,0,0,0,0,0,0,0,0,0,0,0,212614,201792,71.20,2002,38869,127707,56,51,87,21,35,140,0.52,0.00,60.00,2965,0,0,0,0,0,0,0,0,0,0,0,0,0,0,0,0,0,0,0,0,0,0,0,0,0,0,0,0,0,0,0,0,0,0,0,0,0,0,0,0,0,0,0,0,0,0,0,0,
"SE Flamboozle",2.34,2.90,4.10,6.70,0,0,5,4,1,40,20, 47, 136, 7, 5, 11,2,4,52, 126246, 143182, 24177, 25.78, 96174,1563.4,0,7435,0,6033,2166,52826,47835,68.50,734,9531,39560,14,14,23,7,21,47,0.51,2.64,50.00,310,66546,73054,69.00,810,6005,45220,15,23,28,8,16,55,0.52,0.00,20.00,1035,0,0,0,0,0,0,0,0,0,0,0,0,0,0,0,0,0,0,0,0,0,0,0,0,0,0,0,0,0,0,0,0,6874,22293,2.00,17,8641,11394,0,4,16,5,10,34,0.50,4.00,100.00,202,
"TwistyJuker",1.31,3.80,6.10,4.20,7,1,2,0,0,30,15, 25, 119, 12, 1, 11,4,2,42, 164472, 206250, 15537, 94.67, 106540,1679.2,12167,3409,1216,0,0,0,0,0,0,0,0,0,0,0,0,0,0,0,0,0,0,36325,30521,64.50,421,1871,21293,4,9,11,3,9,25,0.37,0.00,50.00,452,121790,161248,61.29,1331,9274,78656,33,46,28,11,14,87,0.44,1.33,28.57,5066,6357,14481,0.00,65,4392,6591,1,6,3,1,2,7,0.31,0.67,0.00,162,0,0,0,0,0,0,0,0,0,0,0,0,0,0,0,0,
"bobqinXD",3.58,5.70,3.80,7.90,4,0,6,0,0,80,32, 47, 143, 12, 0, 20,1,8,53, 193794, 240474, 38469, 69.03, 133295,2018,6689,13491,0,0,0,0,0,0,0,0,0,0,0,0,0,0,0,0,0,0,0,130400,162027,63.83,1390,26849,90278,36,27,48,21,36,100,0.51,0.00,83.33,2794,63394,78447,59.00,703,11620,43017,21,11,31,11,11,43,0.57,4.73,75.00,1348,0,0,0,0,0,0,0,0,0,0,0,0,0,0,0,0,0,0,0,0,0,0,0,0,0,0,0,0,0,0,0,0,
"Myrna",3.22,6.90,5.00,9.20,1,8,1,0,0,80,5, 44, 156, 12, 3, 16,5,4,57, 241875, 347359, 86009, 100.12, 132462,1868.4,1361,1962,15361,0,0,0,0,0,0,0,0,0,0,0,0,0,0,0,0,0,0,27744,30654,78.00,229,2593,13265,8,5,13,0,2,15,0.81,0.00,0.00,210,18531,18563,74.00,173,2993,11748,8,2,5,1,0,10,0.54,6.50,100.00,55,195600,298142,6.75,747,80423,107449,53,43,74,4,42,131,0.55,2.95,87.50,5742,0,0,0,0,0,0,0,0,0,0,0,0,0,0,0,0,
"HomedogPaws",3.07,4.60,4.10,8.00,7,2,1,0,0,40,2, 25, 98, 5, 0, 11,3,3,52, 156700, 263721, 61798, 96.18, 110803,1793.2,12309,1698,3925,0,0,0,0,0,0,0,0,0,0,0,0,0,0,0,0,0,0,11599,19238,50.00,153,3482,8822,1,5,6,0,0,9,0.41,0.00,0.00,537,113745,180085,66.29,1267,40553,77880,35,28,55,0,19,72,0.52,3.21,42.86,3933,31356,64398,2.00,133,17763,24101,10,8,19,2,6,17,0.56,3.63,50.00,1301,0,0,0,0,0,0,0,0,0,0,0,0,0,0,0,0,
"Sun  1",2.54,9.30,6.80,8.00,0,1,7,2,0,20,7, 38, 168, 12, 2, 13,1,6,52, 314651, 268511, 42317, 40.40, 154072,2169.1,0,15443,2137,4111,0,74147,55651,79.00,468,7357,32307,18,16,17,0,5,21,0.63,2.19,0.00,687,219482,175207,69.43,1725,27769,108292,67,45,55,7,30,117,0.50,0.00,28.57,1171,0,0,0,0,0,0,0,0,0,0,0,0,0,0,0,0,21022,37653,10.00,90,7191,13473,8,7,8,0,3,30,0.52,2.29,0.00,566,0,0,0,0,0,0,0,0,0,0,0,0,0,0,0,0,
"t d",2.49,4.50,5.30,8.70,0,4,3,1,2,40,11, 32, 169, 5, 1, 9,3,3,56, 125793, 217601, 32894, 106.90, 98352,1713.9,0,5779,7484,920,2956,5697,7454,98.00,108,1193,6789,2,2,6,1,0,6,0.62,4.00,100.00,0,57700,59592,72.00,589,9666,36870,21,16,23,1,11,28,0.51,0.00,33.33,3801,0,0,0,0,0,0,0,0,0,0,0,0,0,0,0,0,50030,116118,3.50,204,20269,39942,18,25,36,4,15,86,0.56,2.16,25.00,2431,12366,34437,8.00,30,1766,14751,4,10,22,5,6,49,0.63,2.60,50.00,182,
"Strompest",2.75,6.80,5.50,8.30,2,1,5,2,0,80,12, 50, 105, 24, 4, 19,4,8,51, 234896, 271918, 39342, 146.33, 143257,2056.9,4134,10158,2151,4126,0,51049,43503,74.50,424,8051,27137,12,12,17,6,11,29,0.66,2.42,50.00,1800,131713,121448,66.40,1082,9716,73951,42,34,42,3,18,53,0.49,0.00,80.00,3269,35200,68602,58.00,479,8593,26663,7,6,15,3,12,19,0.47,3.67,100.00,2880,16934,38365,1.00,115,12982,15506,7,3,9,0,9,4,0.46,5.33,100.00,831,0,0,0,0,0,0,0,0,0,0,0,0,0,0,0,0,
"k3soju",4.43,3.40,2.80,9.00,1,3,6,0,0,80,15, 22, 87, 9, 2, 11,7,5,55, 124819, 148162, 28118, 105.03, 104381,1518.8,1440,9098,4650,0,0,0,0,0,0,0,0,0,0,0,0,0,0,0,0,0,0,87519,75335,75.00,1037,9030,63607,21,18,61,9,14,56,0.55,0.00,83.33,3045,7869,16542,61.00,175,909,7754,2,2,0,2,1,6,0.50,1.00,0.00,1722,29431,56285,7.33,258,18179,33020,11,8,29,4,7,25,0.54,5.00,100.00,1535,0,0,0,0,0,0,0,0,0,0,0,0,0,0,0,0,
"Chorong",4.27,6.40,3.70,9.40,3,5,2,0,0,100,35, 58, 165, 20, 0, 16,3,8,58, 228044, 238192, 63623, 108.50, 137634,1856.4,5172,2861,10531,0,0,0,0,0,0,0,0,0,0,0,0,0,0,0,0,0,0,18446,24853,57.00,276,3501,20545,6,7,14,7,2,24,0.49,0.00,100.00,501,64166,60233,70.33,624,10827,39924,20,9,26,7,11,41,0.54,5.11,100.00,1564,145432,153106,7.20,529,49295,77165,38,21,54,21,45,100,0.62,4.38,100.00,4445,0,0,0,0,0,0,0,0,0,0,0,0,0,0,0,0,
"GodPiglet",1.99,6.70,8.50,10.20,0,1,2,7,0,30,22, 48, 148, 14, 2, 8,2,2,58, 268806, 265546, 47940, 74.68, 140123,1962.6,0,3931,1325,14370,0,216696,200695,66.29,1545,29992,101406,45,72,89,13,33,113,0.60,1.86,28.57,3756,43325,45582,74.00,483,6747,28338,19,13,8,7,10,28,0.57,0.00,0.00,321,0,0,0,0,0,0,0,0,0,0,0,0,0,0,0,0,8785,19269,6.00,103,11201,10379,3,0,5,2,5,7,0.47,8.00,100.00,404,0,0,0,0,0,0,0,0,0,0,0,0,0,0,0,0,
"Eveloken",5.10,5.90,2.90,8.90,0,9,0,1,0,90,24, 55, 112, 11, 1, 14,4,4,57, 122616, 197782, 74697, 77.68, 110435,1507.4,0,0,13891,1183,0,7029,7004,58.00,130,1552,8537,2,1,10,0,1,7,0.43,12.00,100.00,218,0,0,0,0,0,0,0,0,0,0,0,0,0,0,0,0,0,0,0,0,0,0,0,0,0,0,0,0,0,0,0,0,115587,190778,8.44,684,73145,101898,57,28,79,24,54,105,0.58,4.86,88.89,4443,0,0,0,0,0,0,0,0,0,0,0,0,0,0,0,0,
"Echo Fox kfo",3.75,5.10,3.20,6.90,6,4,0,0,0,100,25, 33, 128, 22, 6, 19,6,5,57, 154359, 222156, 46538, 91.80, 112524,1639,9853,0,6537,0,0,0,0,0,0,0,0,0,0,0,0,0,0,0,0,0,0,0,0,0,0,0,0,0,0,0,0,0,0,0,0,0,0,109381,161962,70.33,1096,36137,73255,45,22,41,12,19,76,0.57,3.91,100.00,676,44978,60194,37.25,36,10401,39269,6,10,28,13,14,52,0.59,3.40,100.00,4832,0,0,0,0,0,0,0,0,0,0,0,0,0,0,0,0,
"FeedPally",3.02,1.90,4.70,12.30,0,0,1,0,9,60,42, 73, 261, 5, 1, 9,5,5,58, 97321, 188552, 39565, 31.07, 95107,1854.1,0,1698,0,0,16843,0,0,0,0,0,0,0,0,0,0,0,0,0,0,0,0,9642,15221,75.00,165,1273,9781,1,4,8,5,7,8,0.75,0.00,0.00,130,0,0,0,0,0,0,0,0,0,0,0,0,0,0,0,0,0,0,0,0,0,0,0,0,0,0,0,0,0,0,0,0,87679,173331,7.67,265,38292,85326,18,43,115,37,66,253,0.58,3.09,66.67,1734,
"Johnboy12",2.96,1.70,5.70,15.20,1,0,1,1,7,70,38, 110, 332, 3, 0, 26,1,6,65, 100539, 248989, 83720, 56.35, 111842,2101.2,2602,1330,0,1376,15704,7127,15652,27.00,88,1641,5964,1,8,2,1,1,9,0.30,0.38,0.00,0,5893,14193,69.00,136,444,6755,2,4,0,3,1,11,0.33,0.00,0.00,112,28170,63796,66.00,243,20559,16025,2,9,14,2,4,20,0.55,1.78,100.00,1885,0,0,0,0,0,0,0,0,0,0,0,0,0,0,0,0,59349,155348,4.57,225,61076,83098,12,36,136,32,104,292,0.69,4.11,85.71,1384,
"MOKSANIM",2.22,3.00,5.10,8.30,0,0,0,1,9,30,23, 65, 267, 0, 0, 6,2,2,56, 91653, 158915, 28827, 26.12, 79856,1540.6,0,0,0,1522,13884,12507,17259,60.00,162,2276,8824,1,9,8,0,1,10,0.47,1.00,0.00,0,0,0,0,0,0,0,0,0,0,0,0,0,0,0,0,0,0,0,0,0,0,0,0,0,0,0,0,0,0,0,0,0,0,0,0,0,0,0,0,0,0,0,0,0,0,0,0,0,79146,141656,5.33,201,26551,71032,29,42,75,23,64,257,0.57,2.48,33.33,1567,
"TSM MeNoHaxor",2.77,2.80,5.20,11.60,0,2,0,3,5,40,31, 69, 233, 3, 0, 13,6,4,64, 116281, 205791, 47527, 37.93, 97942,1764.4,0,0,3236,5355,9053,57575,56171,55.67,511,9969,36592,18,18,25,4,25,48,0.58,2.39,66.67,346,0,0,0,0,0,0,0,0,0,0,0,0,0,0,0,0,0,0,0,0,0,0,0,0,0,0,0,0,0,0,0,0,28409,51830,1.00,129,12102,18112,7,7,13,6,12,27,0.67,2.86,0.00,1106,30297,97790,10.20,216,25456,43238,3,27,78,21,32,158,0.66,3.00,40.00,824,
"rumpnisse",2.45,3.60,4.00,6.20,7,0,1,0,2,20,20, 64, 124, 5, 2, 7,3,4,54, 147827, 171589, 23315, 48.70, 92547,1590.1,11129,1656,0,0,3116,0,0,0,0,0,0,0,0,0,0,0,0,0,0,0,0,19758,12794,65.00,144,1890,12632,9,4,11,0,2,12,0.47,0.00,100.00,293,99831,131134,55.43,1107,18744,64113,21,27,36,12,51,77,0.54,2.11,14.29,2267,0,0,0,0,0,0,0,0,0,0,0,0,0,0,0,0,28238,27661,14.50,106,2681,15802,6,9,15,8,11,35,0.64,2.33,0.00,362,
"Zaganox",3.97,6.00,3.20,6.70,0,1,0,8,1,50,23, 43, 120, 15, 1, 15,5,3,58, 169584, 157945, 26364, 49.52, 121699,1725,0,0,1627,13903,1720,147672,126230,72.88,1628,21184,98646,52,27,40,15,30,82,0.56,3.41,37.50,2094,0,0,0,0,0,0,0,0,0,0,0,0,0,0,0,0,0,0,0,0,0,0,0,0,0,0,0,0,0,0,0,0,15018,11127,61.00,36,1556,12879,5,1,8,3,4,11,0.65,13.00,100.00,833,6894,20588,12.00,39,3624,10174,3,4,19,5,9,27,0.63,5.50,100.00,44,
"SandPaperX",2.88,1.50,4.00,10.00,1,0,2,0,7,40,41, 62, 261, 3, 0, 15,4,2,53, 75338, 198160, 59791, 59.63, 87571,1691.1,1823,2525,0,0,12563,0,0,0,0,0,0,0,0,0,0,0,0,0,0,0,0,16944,19706,55.00,213,1748,15758,7,7,9,4,4,19,0.43,0.00,50.00,47,15776,22854,64.00,196,1713,10101,2,7,6,2,3,15,0.47,1.14,0.00,1205,0,0,0,0,0,0,0,0,0,0,0,0,0,0,0,0,42618,155600,10.57,341,56330,61712,6,26,85,35,55,227,0.57,3.50,42.86,2326,
"PARKJONGWON",2.68,6.40,5.00,7.00,0,1,7,0,2,40,22, 30, 191, 4, 2, 13,4,4,52, 168032, 219039, 33024, 63.82, 119414,1874.7,0,13127,1185,0,4435,0,0,0,0,0,0,0,0,0,0,0,0,0,0,0,0,148176,141995,66.29,1359,17189,92955,61,36,36,8,22,88,0.49,0.00,57.14,2867,0,0,0,0,0,0,0,0,0,0,0,0,0,0,0,0,9783,12439,22.00,48,2097,6595,2,3,2,2,0,9,0.80,1.33,0.00,409,10073,64605,6.50,57,13738,19864,1,11,32,12,8,94,0.63,3.00,0.00,553,
"DZG Vulcan",2.73,1.10,5.10,12.80,0,0,0,0,10,40,41, 59, 272, 3, 0, 13,5,3,62, 70933, 172206, 15649, 39.73, 79232,1666.8,0,0,0,0,16668,0,0,0,0,0,0,0,0,0,0,0,0,0,0,0,0,0,0,0,0,0,0,0,0,0,0,0,0,0,0,0,0,0,0,0,0,0,0,0,0,0,0,0,0,0,0,0,0,0,0,0,0,0,0,0,0,0,0,0,0,0,0,0,0,70933,172206,8.10,255,15649,79232,11,51,128,41,59,272,0.62,2.73,40.00,2384,
"DZG MaxTroBeau",1.81,4.90,6.20,6.30,6,0,4,0,0,30,11, 43, 123, 9, 2, 10,3,2,54, 224638, 243918, 39960, 66.12, 121256,1827.3,10223,8050,0,0,0,0,0,0,0,0,0,0,0,0,0,0,0,0,0,0,0,109891,93456,64.50,925,11320,51983,22,29,21,0,36,53,0.51,0.00,0.00,1855,114747,150462,67.83,1215,28640,69273,27,33,42,11,7,70,0.57,2.09,50.00,2112,0,0,0,0,0,0,0,0,0,0,0,0,0,0,0,0,0,0,0,0,0,0,0,0,0,0,0,0,0,0,0,0,
"DouyuTv 576848",3.20,3.30,4.90,12.40,0,0,1,4,5,70,28, 45, 212, 4, 0, 16,5,5,57, 96763, 166397, 40039, 16.73, 99954,1726.6,0,2043,0,6303,8920,53860,60629,56.75,643,9008,42525,20,24,30,1,4,33,0.51,2.08,50.00,50,22154,18176,55.00,120,2129,13271,6,4,17,2,5,15,0.47,0.00,100.00,474,0,0,0,0,0,0,0,0,0,0,0,0,0,0,0,0,0,0,0,0,0,0,0,0,0,0,0,0,0,0,0,0,20749,87592,4.80,99,28902,44158,7,21,77,25,36,164,0.65,4.00,80.00,480,
"keanely",2.77,7.70,6.40,10.00,3,1,6,0,0,30,13, 36, 121, 13, 4, 12,4,6,56, 255510, 323156, 70596, 81.88, 139030,1944.1,5829,11427,2185,0,0,0,0,0,0,0,0,0,0,0,0,0,0,0,0,0,0,142840,141505,68.83,1210,22481,83324,43,30,59,11,24,76,0.49,0.00,50.00,1506,79333,142865,60.67,583,41799,38606,23,27,28,1,5,31,0.70,1.89,0.00,2914,33337,38786,73.00,20,6316,17100,11,7,13,1,7,14,0.71,3.43,0.00,493,0,0,0,0,0,0,0,0,0,0,0,0,0,0,0,0,
"Shynon",2.64,6.70,5.00,6.50,0,0,0,10,0,30,11, 30, 94, 25, 2, 10,5,3,61, 226877, 158761, 27067, 38.00, 123348,1765.9,0,0,0,17659,0,226877,158761,67.40,1932,27067,123348,67,50,65,11,30,94,0.61,2.64,30.00,2280,0,0,0,0,0,0,0,0,0,0,0,0,0,0,0,0,0,0,0,0,0,0,0,0,0,0,0,0,0,0,0,0,0,0,0,0,0,0,0,0,0,0,0,0,0,0,0,0,0,0,0,0,0,0,0,0,0,0,0,0,0,0,0,0,
"Soap tastes ok",2.68,3.80,7.10,15.20,0,3,0,0,7,60,27, 68, 274, 1, 0, 18,3,7,61, 132073, 308967, 62813, 71.07, 115880,2138.3,0,0,7227,0,14156,0,0,0,0,0,0,0,0,0,0,0,0,0,0,0,0,0,0,0,0,0,0,0,0,0,0,0,0,0,0,0,0,0,0,0,0,0,0,0,0,0,0,0,0,0,0,0,0,43152,136484,5.33,228,22945,40519,17,29,37,11,21,94,0.52,1.86,33.33,2370,88921,172483,4.43,206,39868,75361,21,42,115,16,47,180,0.66,3.24,71.43,1894,
"NiMura",2.81,3.80,3.70,6.60,2,2,0,4,2,50,32, 48, 151, 12, 0, 7,3,1,52, 116501, 154669, 30665, 77.62, 96924,1482,3520,0,2533,5310,3457,57167,45754,72.50,708,7251,42068,26,7,19,9,16,41,0.63,6.43,75.00,2556,0,0,0,0,0,0,0,0,0,0,0,0,0,0,0,0,26632,45461,64.50,369,12338,24036,8,9,21,6,8,29,0.49,3.22,50.00,1220,13016,24889,5.00,116,8182,15143,3,5,11,7,9,22,0.52,2.80,50.00,608,19686,38565,1.50,51,2894,15677,1,16,15,10,15,59,0.38,1.00,0.00,273,
"Q1035716423Aries",1.50,5.50,7.80,6.20,9,1,0,0,0,20,8, 26, 105, 7, 0, 13,4,2,46, 173748, 258330, 21276, 45.28, 115027,1824.4,16219,0,2025,0,0,0,0,0,0,0,0,0,0,0,0,0,0,0,0,0,0,0,0,0,0,0,0,0,0,0,0,0,0,0,0,0,0,143928,226238,58.33,1481,18642,99301,42,69,46,8,21,94,0.43,1.28,11.11,2575,29820,32092,54.00,8,2634,15726,13,9,16,0,5,11,0.59,3.22,100.00,142,0,0,0,0,0,0,0,0,0,0,0,0,0,0,0,0,
"iMysterious",2.02,4.20,5.30,6.50,9,0,1,0,0,30,15, 38, 104, 4, 1, 8,2,3,55, 169811, 282644, 65060, 100.38, 104654,1742.7,15624,1803,0,0,0,0,0,0,0,0,0,0,0,0,0,0,0,0,0,0,0,18673,19620,58.00,133,1350,8719,3,9,3,0,6,10,0.55,0.00,0.00,41,151138,263024,69.00,1652,63710,95935,39,44,62,15,32,94,0.55,2.30,33.33,5982,0,0,0,0,0,0,0,0,0,0,0,0,0,0,0,0,0,0,0,0,0,0,0,0,0,0,0,0,0,0,0,0,
"Saskio",3.59,5.00,3.20,6.50,9,1,0,0,0,60,15, 45, 160, 15, 1, 18,7,4,49, 187043, 246036, 55641, 119.93, 122135,1774.9,16003,0,1746,0,0,0,0,0,0,0,0,0,0,0,0,0,0,0,0,0,0,0,0,0,0,0,0,0,0,0,0,0,0,0,0,0,0,166922,223038,68.78,1873,50767,108340,44,27,58,14,42,145,0.49,3.78,55.56,6393,20121,22998,6.00,96,4874,13795,6,5,7,1,3,15,0.45,2.60,100.00,803,0,0,0,0,0,0,0,0,0,0,0,0,0,0,0,0,
"OH MY EYE",2.00,3.70,7.80,11.90,4,0,0,0,6,60,27, 47, 152, 5, 1, 12,6,7,53, 138590, 290793, 42066, 67.60, 107289,1801.8,7008,0,0,0,11010,0,0,0,0,0,0,0,0,0,0,0,0,0,0,0,0,0,0,0,0,0,0,0,0,0,0,0,0,0,0,0,0,87318,122281,73.00,746,28459,50049,22,22,31,4,13,47,0.49,2.41,100.00,2070,0,0,0,0,0,0,0,0,0,0,0,0,0,0,0,0,51272,168512,11.33,206,13607,57240,15,56,88,23,34,105,0.56,1.84,33.33,1986,
"Superman Rip",1.70,4.00,7.00,7.90,6,1,2,0,1,30,28, 41, 151, 5, 0, 12,7,2,50, 154989, 210096, 26207, 44.72, 101918,1746,10687,2808,1490,0,2475,0,0,0,0,0,0,0,0,0,0,0,0,0,0,0,0,26196,26608,54.00,292,2646,17858,9,10,8,3,3,17,0.55,0.00,50.00,336,110922,134577,58.50,946,14469,62762,26,48,44,12,17,76,0.47,1.46,16.67,1804,11781,18956,0.00,77,6151,9786,5,4,7,2,7,7,0.67,3.00,0.00,378,6090,29955,7.00,33,2941,11512,0,8,20,11,14,51,0.48,2.50,100.00,165,
"King Kenneth",3.07,1.80,4.50,12.00,0,0,3,0,7,40,41, 64, 249, 8, 1, 20,6,5,61, 95387, 165718, 70956, 47.38, 95164,1844.9,0,5714,0,0,12735,0,0,0,0,0,0,0,0,0,0,0,0,0,0,0,0,54390,46889,67.00,613,3990,32637,7,15,22,9,21,51,0.56,0.00,0.00,1381,0,0,0,0,0,0,0,0,0,0,0,0,0,0,0,0,0,0,0,0,0,0,0,0,0,0,0,0,0,0,0,0,40997,118829,6.57,166,66966,62527,11,30,98,32,43,198,0.62,3.63,57.14,1462,
"Titan Dweevil",2.29,7.70,6.20,6.50,2,1,7,0,0,50,13, 34, 127, 10, 1, 12,3,8,57, 225300, 211898, 18275, 72.37, 126909,1876.4,4325,12611,1828,0,0,0,0,0,0,0,0,0,0,0,0,0,0,0,0,0,0,165238,144308,60.43,1170,9480,87701,64,44,35,8,20,83,0.57,0.00,57.14,3948,47813,50606,55.00,372,6178,26238,12,15,20,3,11,31,0.62,2.13,0.00,145,12249,16984,73.00,11,2617,12970,1,3,10,2,3,13,0.46,3.67,100.00,249,0,0,0,0,0,0,0,0,0,0,0,0,0,0,0,0,
"Yami",3.05,6.60,5.70,10.80,0,9,0,1,0,70,3, 80, 120, 12, 5, 18,4,6,60, 230665, 346529, 125426, 137.00, 139692,1969.1,0,0,17807,1884,0,30300,23708,55.00,180,2462,10090,3,10,8,0,0,7,0.52,1.10,0.00,435,0,0,0,0,0,0,0,0,0,0,0,0,0,0,0,0,0,0,0,0,0,0,0,0,0,0,0,0,0,0,0,0,200365,322821,4.44,911,122964,129602,63,47,100,3,80,113,0.60,3.47,77.78,7785,0,0,0,0,0,0,0,0,0,0,0,0,0,0,0,0,
"Fox BIG",3.41,1.40,4.10,12.60,1,0,1,0,8,40,54, 59, 303, 3, 0, 13,1,1,67, 81678, 182377, 48007, 37.85, 92632,1877.9,1824,1621,0,0,15334,0,0,0,0,0,0,0,0,0,0,0,0,0,0,0,0,14080,12064,63.00,166,1073,9810,2,5,7,2,3,14,0.75,0.00,0.00,202,12406,23574,64.00,169,5240,9347,4,2,6,3,1,15,0.77,5.00,0.00,774,0,0,0,0,0,0,0,0,0,0,0,0,0,0,0,0,55192,146739,6.88,227,41694,73475,8,34,113,49,55,274,0.66,3.56,50.00,1295,
"Licorice",4.66,6.30,3.20,8.60,5,5,0,0,0,70,16, 61, 106, 23, 3, 17,5,6,56, 177061, 268253, 65797, 192.45, 126230,1866.7,9652,0,9015,0,0,0,0,0,0,0,0,0,0,0,0,0,0,0,0,0,0,0,0,0,0,0,0,0,0,0,0,0,0,0,0,0,0,101815,135465,68.40,1035,21300,60704,24,24,38,9,41,62,0.50,2.58,40.00,6531,75246,132788,3.60,479,44497,65526,39,8,48,7,20,44,0.62,10.88,100.00,5016,0,0,0,0,0,0,0,0,0,0,0,0,0,0,0,0,
"Anivia Kid",3.26,7.60,4.70,7.70,1,0,7,2,0,50,18, 44, 126, 13, 4, 14,2,2,63, 237547, 188062, 24760, 114.85, 144793,1942.4,1761,13551,0,4112,0,55218,36350,75.50,405,5436,26923,14,13,19,4,9,25,0.58,2.54,50.00,2208,166892,131522,79.43,1671,16435,107128,60,28,48,11,32,87,0.69,0.00,42.86,2454,15437,20190,57.00,177,2889,10742,2,6,10,3,3,14,0.40,2.00,100.00,2229,0,0,0,0,0,0,0,0,0,0,0,0,0,0,0,0,0,0,0,0,0,0,0,0,0,0,0,0,0,0,0,0,
"Huhi",3.00,6.70,4.80,7.70,0,4,3,1,2,60,18, 41, 196, 13, 2, 10,3,7,54, 167831, 249756, 57447, 87.20, 121702,1716.8,0,4570,6988,1857,3753,35257,25628,65.00,244,4063,16215,12,7,9,1,4,15,0.72,3.00,0.00,408,56006,53224,66.00,563,6157,39450,25,9,24,3,7,36,0.56,0.00,100.00,978,0,0,0,0,0,0,0,0,0,0,0,0,0,0,0,0,60610,115476,2.00,347,38499,46947,25,23,24,6,13,76,0.48,2.13,50.00,2711,15958,55428,9.50,101,8728,19090,5,9,20,8,17,69,0.51,2.78,50.00,1135,
"enaek",2.32,5.20,5.00,6.40,1,4,5,0,0,40,10, 45, 105, 6, 0, 5,1,2,60, 146755, 199004, 32686, 69.40, 104178,1536.8,1851,6360,7157,0,0,0,0,0,0,0,0,0,0,0,0,0,0,0,0,0,0,57266,67908,76.60,676,6171,43286,24,20,27,4,11,40,0.55,0.00,60.00,711,16601,28761,64.00,201,3728,13603,4,9,9,0,5,11,0.43,1.44,0.00,510,72888,102335,7.25,293,22787,47289,24,21,28,6,29,54,0.73,2.48,25.00,2943,0,0,0,0,0,0,0,0,0,0,0,0,0,0,0,0,
"Gillette",1.83,5.20,6.40,6.50,0,0,7,3,0,50,6, 23, 109, 10, 0, 10,5,6,44, 202503, 214094, 42623, 83.27, 120111,1762,0,11903,0,5717,0,60699,62100,61.33,623,8103,38620,13,22,25,0,6,35,0.38,1.73,100.00,178,141804,151994,62.57,1349,34520,81491,39,42,40,6,17,74,0.47,0.00,28.57,4818,0,0,0,0,0,0,0,0,0,0,0,0,0,0,0,0,0,0,0,0,0,0,0,0,0,0,0,0,0,0,0,0,0,0,0,0,0,0,0,0,0,0,0,0,0,0,0,0,
"Ajido",2.61,3.30,3.60,6.10,6,0,1,0,3,50,21, 40, 198, 8, 0, 14,1,8,45, 196669, 137802, 40135, 87.90, 111258,1919.2,12537,1220,0,0,5435,0,0,0,0,0,0,0,0,0,0,0,0,0,0,0,0,12201,7302,76.00,160,37,6556,0,1,4,0,0,8,0.67,0.00,0.00,80,165770,97991,79.83,1326,11183,80308,30,22,36,12,19,105,0.45,3.00,66.67,4778,0,0,0,0,0,0,0,0,0,0,0,0,0,0,0,0,18698,32509,4.67,57,28915,24394,3,13,21,9,21,85,0.43,1.85,33.33,416,
"SKY Fear",3.66,5.50,4.10,9.50,0,0,2,8,0,80,7, 39, 147, 19, 4, 15,4,7,53, 181781, 159183, 33991, 113.45, 124664,1712.3,0,4084,0,13039,0,141944,124699,68.13,1442,27400,93385,40,33,69,4,32,107,0.51,3.30,75.00,6514,39837,34484,62.00,410,6591,31279,15,8,26,3,7,40,0.58,0.00,100.00,293,0,0,0,0,0,0,0,0,0,0,0,0,0,0,0,0,0,0,0,0,0,0,0,0,0,0,0,0,0,0,0,0,0,0,0,0,0,0,0,0,0,0,0,0,0,0,0,0,
"l Spawn l",2.15,4.60,5.50,7.20,1,0,2,7,0,50,15, 28, 89, 11, 2, 9,3,5,50, 179283, 173116, 21450, 48.73, 114976,1743.7,2112,3173,0,12152,0,130977,121387,68.86,1187,17480,82983,37,39,53,12,19,61,0.50,2.31,57.14,1348,23301,28825,59.00,280,1177,17748,3,9,11,2,5,18,0.48,0.00,0.00,1150,25005,22904,49.00,242,2793,14245,6,7,8,1,4,10,0.52,2.00,100.00,426,0,0,0,0,0,0,0,0,0,0,0,0,0,0,0,0,0,0,0,0,0,0,0,0,0,0,0,0,0,0,0,0,
"Billy Yu",4.83,5.80,3.50,11.10,9,0,0,1,0,100,28, 51, 162, 9, 2, 20,10,10,53, 188395, 292278, 72938, 237.05, 132834,1868.5,16299,0,0,2386,0,29802,37332,61.00,236,4176,18336,13,4,9,2,4,21,0.55,5.50,100.00,3730,0,0,0,0,0,0,0,0,0,0,0,0,0,0,0,0,158593,254946,66.78,1704,68762,114498,45,31,102,26,47,141,0.53,4.74,100.00,10493,0,0,0,0,0,0,0,0,0,0,0,0,0,0,0,0,0,0,0,0,0,0,0,0,0,0,0,0,0,0,0,0,
"Make A Move",3.88,4.60,3.30,8.20,9,1,0,0,0,80,39, 34, 173, 13, 1, 19,2,7,48, 213206, 254456, 60327, 56.23, 133308,1910.8,16937,0,2171,0,0,0,0,0,0,0,0,0,0,0,0,0,0,0,0,0,0,0,0,0,0,0,0,0,0,0,0,0,0,0,0,0,0,181946,210645,75.67,2207,44024,118176,39,27,73,36,32,155,0.47,4.15,77.78,2539,31260,43811,60.00,3,16303,15132,7,6,9,3,2,18,0.57,2.67,100.00,835,0,0,0,0,0,0,0,0,0,0,0,0,0,0,0,0,
"Wolfelol",2.24,7.60,6.60,7.20,0,0,4,6,0,40,32, 50, 123, 12, 3, 17,3,4,58, 302948, 210547, 35625, 76.32, 129344,1919.3,0,7695,0,11498,0,208442,134592,62.17,1188,27050,79178,53,36,48,19,32,78,0.63,2.81,50.00,1676,94506,75955,66.25,760,8575,50166,23,30,24,13,18,45,0.49,0.00,25.00,2903,0,0,0,0,0,0,0,0,0,0,0,0,0,0,0,0,0,0,0,0,0,0,0,0,0,0,0,0,0,0,0,0,0,0,0,0,0,0,0,0,0,0,0,0,0,0,0,0,
"Valkrin",3.92,8.20,4.00,7.50,0,5,4,0,1,40,24, 55, 124, 6, 1, 15,1,2,62, 216859, 222874, 48492, 58.10, 134495,2052.7,0,8482,10087,0,1958,0,0,0,0,0,0,0,0,0,0,0,0,0,0,0,0,125825,60960,79.25,987,7591,61677,43,12,31,9,9,49,0.62,0.00,50.00,1591,0,0,0,0,0,0,0,0,0,0,0,0,0,0,0,0,81743,142643,4.40,443,37389,63699,37,24,34,10,39,52,0.63,2.96,40.00,1822,9291,19271,20.00,59,3512,9119,2,4,10,5,7,23,0.50,3.00,0.00,73,
"goldenglue",2.63,7.40,5.70,7.60,0,3,7,0,0,60,10, 61, 139, 8, 3, 14,2,5,51, 224490, 241517, 30468, 56.62, 125668,1793.5,0,13259,4676,0,0,0,0,0,0,0,0,0,0,0,0,0,0,0,0,0,0,175573,171129,74.14,1393,17492,95168,53,40,58,9,45,98,0.51,0.00,71.43,1785,0,0,0,0,0,0,0,0,0,0,0,0,0,0,0,0,48917,70388,9.33,205,12976,30500,21,17,18,1,16,41,0.51,2.29,33.33,1612,0,0,0,0,0,0,0,0,0,0,0,0,0,0,0,0,
"Noobkiller291",3.11,5.90,3.50,5.00,6,0,4,0,0,70,17, 35, 129, 13, 4, 15,5,7,44, 206109, 200041, 52435, 63.50, 132020,1772.7,11040,6687,0,0,0,0,0,0,0,0,0,0,0,0,0,0,0,0,0,0,0,78961,61889,69.50,874,14073,50746,27,13,18,5,8,51,0.54,0.00,50.00,2060,127148,138152,70.67,1439,38362,81274,32,22,32,12,27,78,0.38,2.91,83.33,1750,0,0,0,0,0,0,0,0,0,0,0,0,0,0,0,0,0,0,0,0,0,0,0,0,0,0,0,0,0,0,0,0,
"Neiloo",3.93,9.60,4.10,6.50,1,1,8,0,0,60,0, 27, 68, 7, 2, 12,6,4,59, 214903, 185296, 15969, 128.22, 123115,1841.6,1755,14610,2051,0,0,0,0,0,0,0,0,0,0,0,0,0,0,0,0,0,0,163298,147786,51.63,1339,11992,95946,72,32,46,0,19,60,0.58,0.00,50.00,6106,26730,16358,40.00,133,2144,13106,14,5,10,0,2,6,0.69,4.80,100.00,702,24875,21152,51.00,7,1833,14063,10,4,9,0,6,2,0.54,4.75,100.00,885,0,0,0,0,0,0,0,0,0,0,0,0,0,0,0,0,
"BoostedIceCream",2.26,5.30,4.20,4.20,9,0,1,0,0,50,31, 43, 151, 15, 1, 12,4,8,47, 211425, 262664, 66671, 47.05, 138236,1872.7,16200,2527,0,0,0,0,0,0,0,0,0,0,0,0,0,0,0,0,0,0,0,39274,36373,81.00,255,5675,15435,4,6,14,2,4,22,0.75,0.00,0.00,151,172151,226291,75.44,2243,60996,122801,49,36,28,29,39,129,0.43,2.14,55.56,2672,0,0,0,0,0,0,0,0,0,0,0,0,0,0,0,0,0,0,0,0,0,0,0,0,0,0,0,0,0,0,0,0,
"Sawyerr",4.81,2.90,2.10,7.20,1,3,1,2,3,40,50, 68, 239, 12, 2, 12,4,2,53, 100644, 197071, 63509, 46.10, 99446,1731.1,1379,1035,6524,2808,5565,18883,20415,34.00,237,5570,17864,5,3,12,4,4,22,0.42,5.67,50.00,109,6094,7750,67.00,104,600,7321,4,0,1,1,1,8,0.28,0.00,100.00,118,7343,16986,9.00,28,9301,9016,3,0,5,3,4,12,0.38,8.00,100.00,285,44635,102277,4.33,295,42175,40573,8,4,26,21,36,77,0.54,8.50,33.33,1802,23689,49643,6.33,75,5863,24672,9,14,28,21,23,120,0.79,2.64,0.00,452,
"AsianSGpotato",3.40,5.60,3.00,4.60,0,0,2,7,1,60,10, 49, 86, 19, 2, 11,4,3,50, 166948, 176712, 62088, 40.43, 124235,1731.5,0,3671,0,11633,2011,134311,113401,76.29,1534,18264,91314,50,24,35,3,18,44,0.55,3.54,71.43,1246,27748,52249,77.00,497,41052,24133,4,5,7,5,8,19,0.34,0.00,50.00,1074,0,0,0,0,0,0,0,0,0,0,0,0,0,0,0,0,0,0,0,0,0,0,0,0,0,0,0,0,0,0,0,0,4889,11062,11.00,64,2772,8788,2,1,4,2,23,23,0.32,6.00,0.00,106,
"Easy",3.91,5.10,3.20,7.40,2,0,4,2,2,70,19, 47, 136, 12, 3, 14,2,8,58, 222444, 160771, 32834, 47.13, 122672,1772.4,2214,7610,0,4045,3855,68107,37744,59.50,528,6285,32659,16,5,16,0,13,28,0.63,6.40,100.00,503,111365,60808,81.00,999,20721,57303,27,7,32,10,21,54,0.61,0.00,100.00,1659,13118,23090,51.00,221,2010,12202,3,8,6,4,0,15,0.60,1.13,0.00,471,0,0,0,0,0,0,0,0,0,0,0,0,0,0,0,0,29854,39129,7.00,84,3818,20508,5,12,20,5,13,39,0.46,2.08,50.00,195,
"Hide on bench",2.40,5.00,4.80,6.50,2,1,1,6,0,40,8, 34, 85, 16, 2, 14,0,3,49, 224897, 210542, 39007, 95.40, 121776,1848.9,3607,1253,1621,12008,0,180253,125939,75.33,1519,21434,84842,39,29,42,3,28,57,0.59,2.79,50.00,3827,0,0,0.00,0,0,3674,0,0,0,0,0,0,0.00,0.00,0.00,0,33950,61864,66.00,376,13889,24457,8,12,19,3,1,21,0.38,2.25,50.00,1439,10694,22739,3.00,73,3684,8803,3,7,4,2,5,7,0.58,1.00,0.00,458,0,0,0,0,0,0,0,0,0,0,0,0,0,0,0,0,
"Liquid fabbbyyy",2.43,4.40,4.20,5.80,0,0,0,10,0,50,2, 50, 92, 20, 6, 15,5,5,48, 183066, 175806, 31784, 44.80, 116032,1767.4,0,0,0,17674,0,183066,175806,70.30,1862,31784,116032,44,42,58,2,50,92,0.48,2.43,50.00,2688,0,0,0,0,0,0,0,0,0,0,0,0,0,0,0,0,0,0,0,0,0,0,0,0,0,0,0,0,0,0,0,0,0,0,0,0,0,0,0,0,0,0,0,0,0,0,0,0,0,0,0,0,0,0,0,0,0,0,0,0,0,0,0,0,
"Brian The is",3.82,4.10,3.40,8.90,10,0,0,0,0,80,7, 33, 122, 12, 2, 17,3,9,51, 180512, 253066, 61597, 105.22, 127829,1893.4,18934,0,0,0,0,0,0,0,0,0,0,0,0,0,0,0,0,0,0,0,0,0,0,0,0,0,0,0,0,0,0,0,0,0,0,0,0,180512,253066,65.00,2184,61597,127829,41,34,89,7,33,122,0.51,3.82,80.00,6313,0,0,0,0,0,0,0,0,0,0,0,0,0,0,0,0,0,0,0,0,0,0,0,0,0,0,0,0,0,0,0,0,
"zentinelq",4.45,6.60,3.30,8.10,0,10,0,0,0,60,16, 68, 145, 5, 2, 12,0,7,59, 181456, 303913, 121694, 102.05, 128669,1862.8,0,0,18628,0,0,0,0,0,0,0,0,0,0,0,0,0,0,0,0,0,0,0,0,0,0,0,0,0,0,0,0,0,0,0,0,0,0,0,0,0,0,0,0,0,0,0,0,0,0,0,0,0,0,181456,303913,8.10,915,121694,128669,66,33,81,16,68,145,0.59,4.45,60.00,6123,0,0,0,0,0,0,0,0,0,0,0,0,0,0,0,0,
"myQQ1035716423",3.38,6.20,3.40,5.30,2,6,1,1,0,50,17, 32, 108, 10, 0, 8,6,4,50, 148297, 191258, 61916, 67.62, 117575,1636.6,2540,1385,10450,1991,0,21605,23425,70.00,225,2686,13323,3,8,7,0,4,13,0.38,1.25,0.00,41,6623,13338,76.00,138,244,7778,3,5,5,0,0,8,0.67,0.00,0.00,88,20653,17599,79.50,404,784,22664,12,5,1,4,2,16,0.28,2.60,100.00,240,99416,136896,4.67,550,58202,73810,44,16,40,13,26,71,0.58,5.25,50.00,3688,0,0,0,0,0,0,0,0,0,0,0,0,0,0,0,0,
"two and three",3.89,9.10,3.80,5.70,0,0,10,0,0,70,25, 24, 123, 15, 4, 10,5,9,58, 261417, 200505, 40565, 46.30, 138237,1743.8,0,17438,0,0,0,0,0,0,0,0,0,0,0,0,0,0,0,0,0,0,0,261417,200505,78.50,2125,40565,138237,91,38,57,25,24,123,0.58,0.00,70.00,2778,0,0,0,0,0,0,0,0,0,0,0,0,0,0,0,0,0,0,0,0,0,0,0,0,0,0,0,0,0,0,0,0,0,0,0,0,0,0,0,0,0,0,0,0,0,0,0,0,
"Hakuho",4.88,1.80,3.30,14.30,0,0,0,0,10,60,51, 76, 204, 3, 1, 7,1,1,63, 93562, 122870, 12879, 33.17, 81126,1479.2,0,0,0,0,14792,0,0,0,0,0,0,0,0,0,0,0,0,0,0,0,0,0,0,0,0,0,0,0,0,0,0,0,0,0,0,0,0,0,0,0,0,0,0,0,0,0,0,0,0,0,0,0,0,0,0,0,0,0,0,0,0,0,0,0,0,0,0,0,0,93562,122870,5.50,204,12879,81126,18,33,143,51,76,204,0.63,4.88,60.00,1990,
"SHA BI NA ADC",1.65,5.80,7.10,5.90,0,0,3,7,0,50,10, 32, 127, 11, 1, 11,5,6,48, 200955, 189397, 22297, 24.78, 111172,1655.3,0,4629,0,11924,0,149704,139463,55.57,1186,18598,79213,43,56,41,5,21,88,0.47,1.50,42.86,1296,51251,49934,63.00,516,3699,31959,15,15,18,5,11,39,0.49,0.00,66.67,191,0,0,0,0,0,0,0,0,0,0,0,0,0,0,0,0,0,0,0,0,0,0,0,0,0,0,0,0,0,0,0,0,0,0,0,0,0,0,0,0,0,0,0,0,0,0,0,0,
"MrJuneJune",3.53,5.30,4.50,10.60,0,5,5,0,0,70,17, 33, 109, 6, 0, 11,3,4,57, 159184, 251939, 61240, 90.40, 114943,1828.7,0,9954,8333,0,0,0,0,0,0,0,0,0,0,0,0,0,0,0,0,0,0,107437,108219,61.60,947,9689,64580,34,27,40,11,18,62,0.52,0.00,60.00,1589,0,0,0,0,0,0,0,0,0,0,0,0,0,0,0,0,51747,143720,3.60,313,51551,50363,19,18,66,6,15,47,0.62,4.72,80.00,3835,0,0,0,0,0,0,0,0,0,0,0,0,0,0,0,0,
"Like a Ninja",3.13,5.60,4.60,8.80,0,1,6,1,2,40,26, 44, 180, 8, 0, 7,2,6,61, 201684, 237746, 38361, 48.13, 121344,1784.4,0,9800,1950,2226,3868,36385,24514,59.00,256,4520,14936,6,6,11,0,10,16,0.57,2.83,0.00,309,130609,124327,76.17,1321,18404,74073,37,28,38,12,14,81,0.66,0.00,50.00,1433,0,0,0,0,0,0,0,0,0,0,0,0,0,0,0,0,14870,32686,2.00,88,8409,12606,8,3,7,1,6,20,0.65,5.00,0.00,906,19820,56219,10.50,73,7028,19729,5,9,32,13,14,63,0.54,4.11,50.00,240,
"ApoIlo Price",4.17,6.70,4.10,10.40,0,0,0,8,2,70,28, 24, 141, 25, 3, 17,4,4,62, 173318, 183303, 60610, 36.90, 121937,1663.2,0,0,0,13182,3450,157330,124563,72.50,1512,42231,104011,62,24,74,18,17,88,0.60,5.67,75.00,1870,0,0,0,0,0,0,0,0,0,0,0,0,0,0,0,0,0,0,0,0,0,0,0,0,0,0,0,0,0,0,0,0,0,0,0,0,0,0,0,0,0,0,0,0,0,0,0,0,15988,58740,10.50,79,18379,17926,5,17,30,10,7,53,0.69,2.06,50.00,344,
"caaaaaaaaaaaaake",2.98,7.10,4.90,7.50,0,1,3,6,0,40,17, 50, 106, 14, 1, 10,4,3,61, 204690, 208497, 25532, 72.47, 126058,1750.3,0,6849,1410,9244,0,106003,97275,71.17,1036,15755,66397,38,25,47,9,25,62,0.58,3.40,50.00,2822,82146,97875,69.33,789,7142,45385,18,22,23,7,25,35,0.65,0.00,0.00,801,0,0,0,0,0,0,0,0,0,0,0,0,0,0,0,0,16541,13347,79.00,15,2635,14276,15,2,5,1,0,9,0.65,10.00,100.00,725,0,0,0,0,0,0,0,0,0,0,0,0,0,0,0,0,
"Banana Baileys",2.27,6.50,5.60,6.20,5,0,5,0,0,60,7, 98, 90, 15, 2, 16,3,8,51, 248278, 231342, 20092, 57.60, 147949,1972.4,9722,10002,0,0,0,0,0,0,0,0,0,0,0,0,0,0,0,0,0,0,0,113172,120663,79.40,1302,9258,69550,22,36,26,4,28,49,0.43,0.00,40.00,2180,135106,110679,82.60,1439,10834,78399,43,20,36,3,70,41,0.57,3.95,80.00,1276,0,0,0,0,0,0,0,0,0,0,0,0,0,0,0,0,0,0,0,0,0,0,0,0,0,0,0,0,0,0,0,0,
"WEQ",1.28,5.30,6.80,3.40,3,6,1,0,0,40,1, 28, 76, 7, 1, 13,4,1,47, 150394, 219890, 54974, 66.53, 102143,1541,4331,2185,8894,0,0,0,0,0,0,0,0,0,0,0,0,0,0,0,0,0,0,29301,30979,54.00,188,6868,16438,12,8,5,1,2,15,0.61,0.00,100.00,434,26529,61426,50.67,358,5563,22354,5,34,6,0,14,14,0.29,0.32,0.00,511,94564,127485,6.20,518,42543,63351,36,26,23,0,12,47,0.49,2.27,50.00,3047,0,0,0,0,0,0,0,0,0,0,0,0,0,0,0,0,
"cdee",2.51,1.80,3.90,8.00,0,1,0,3,6,40,21, 33, 144, 5, 0, 15,4,4,54, 73495, 160056, 32878, 29.88, 82352,1575.3,0,0,2123,4532,9098,34686,34554,78.33,581,5725,30082,12,10,8,0,4,23,0.36,2.00,66.67,244,0,0,0,0,0,0,0,0,0,0,0,0,0,0,0,0,0,0,0,0,0,0,0,0,0,0,0,0,0,0,0,0,11794,32188,13.00,70,7454,11945,2,5,9,5,5,15,0.44,2.20,0.00,793,27015,93314,9.33,152,19699,40325,4,24,63,16,24,106,0.65,2.79,33.33,756,
"TM8",3.55,7.00,4.40,8.60,0,2,0,8,0,40,20, 44, 124, 11, 1, 10,2,3,63, 231658, 177024, 41708, 56.48, 125781,1778.1,0,0,3376,14405,0,198999,130423,62.38,1623,21970,102433,56,36,79,17,32,109,0.65,3.75,37.50,2470,0,0,0,0,0,0,0,0,0,0,0,0,0,0,0,0,0,0,0,0,0,0,0,0,0,0,0,0,0,0,0,0,32659,46601,10.00,175,19738,23348,14,8,7,3,12,15,0.51,2.63,50.00,919,0,0,0,0,0,0,0,0,0,0,0,0,0,0,0,0,
"An Obese Panda",2.78,5.50,4.90,8.10,0,9,1,0,0,40,22, 36, 122, 6, 1, 5,0,2,53, 125646, 252656, 54864, 120.65, 101887,1587.8,0,1932,13946,0,0,0,0,0,0,0,0,0,0,0,0,0,0,0,0,0,0,16546,28308,68.00,179,1653,12684,6,10,6,1,5,14,0.43,0.00,0.00,385,0,0,0,0,0,0,0,0,0,0,0,0,0,0,0,0,109100,224348,3.56,590,53211,89203,49,39,75,21,31,108,0.54,3.18,44.44,6854,0,0,0,0,0,0,0,0,0,0,0,0,0,0,0,0,
"Lets Do Our Best",2.35,5.70,4.80,5.60,5,2,3,0,0,50,26, 34, 117, 11, 3, 14,2,5,55, 192065, 236375, 45995, 116.62, 115823,1732,8938,5232,3150,0,0,0,0,0,0,0,0,0,0,0,0,0,0,0,0,0,0,57592,55296,69.67,612,6981,34840,19,15,9,8,9,35,0.53,0.00,33.33,2624,94483,141338,74.20,1004,31407,56397,21,28,32,14,15,57,0.60,1.89,40.00,3571,39990,39741,44.00,102,7607,24586,17,5,15,4,10,25,0.49,6.40,100.00,802,0,0,0,0,0,0,0,0,0,0,0,0,0,0,0,0,
"AAAAAHHHHHHHH",2.60,3.20,4.80,9.30,0,6,0,0,4,40,28, 53, 135, 4, 1, 15,5,4,57, 92723, 215653, 53029, 77.72, 89536,1590.8,0,0,9355,0,6553,0,0,0,0,0,0,0,0,0,0,0,0,0,0,0,0,0,0,0,0,0,0,0,0,0,0,0,0,0,0,0,0,0,0,0,0,0,0,0,0,0,0,0,0,0,0,0,0,55272,146973,3.33,339,44368,53171,21,32,31,10,16,72,0.51,1.63,16.67,3029,37451,68680,8.25,132,8661,36365,11,16,62,18,37,63,0.62,4.56,75.00,1634,
"Janna Mechanics",4.89,1.40,2.70,11.80,0,0,0,0,10,30,22, 59, 282, 3, 0, 7,2,3,68, 78621, 109674, 70491, 39.07, 87329,1792.6,0,0,0,0,17926,0,0,0,0,0,0,0,0,0,0,0,0,0,0,0,0,0,0,0,0,0,0,0,0,0,0,0,0,0,0,0,0,0,0,0,0,0,0,0,0,0,0,0,0,0,0,0,0,0,0,0,0,0,0,0,0,0,0,0,0,0,0,0,0,78621,109674,5.50,332,70491,87329,14,27,118,22,59,282,0.68,4.89,30.00,2344,
"qldurtms",4.70,7.30,3.00,6.80,1,1,8,0,0,60,24, 35, 138, 13, 2, 11,1,1,59, 215229, 190545, 31389, 55.93, 125686,1623.6,2281,12601,1354,0,0,0,0,0,0,0,0,0,0,0,0,0,0,0,0,0,0,182016,140314,78.50,1681,26101,99827,61,23,58,20,24,103,0.59,0.00,75.00,1720,20410,38398,83.00,262,4694,15653,7,3,7,2,10,24,0.54,4.67,0.00,1404,12803,11833,89.00,10,594,10206,5,4,3,2,1,11,0.80,2.00,0.00,232,0,0,0,0,0,0,0,0,0,0,0,0,0,0,0,0,
"hogoogo",5.35,3.80,2.30,8.50,5,0,0,1,4,90,18, 21, 154, 8, 3, 9,4,3,47, 131108, 169915, 41214, 38.85, 100986,1565.7,8333,0,0,2027,5297,26120,16760,65.00,244,2592,15934,7,4,8,1,4,14,0.45,3.75,100.00,259,0,0,0,0,0,0,0,0,0,0,0,0,0,0,0,0,83325,112606,72.20,964,31585,58727,24,13,32,7,7,62,0.43,4.31,80.00,1637,0,0,0,0,0,0,0,0,0,0,0,0,0,0,0,0,21663,40549,10.50,102,7037,26325,7,6,45,10,10,78,0.52,8.67,100.00,435,
"TransIogic",3.34,7.60,5.00,9.10,0,2,6,0,2,70,34, 63, 185, 10, 1, 16,2,4,59, 209817, 235862, 47655, 69.42, 128472,1876.4,0,11556,4086,0,3122,0,0,0,0,0,0,0,0,0,0,0,0,0,0,0,0,154291,141650,67.17,1269,28001,85230,51,31,48,21,17,102,0.57,0.00,66.67,2520,0,0,0,0,0,0,0,0,0,0,0,0,0,0,0,0,30679,69133,5.00,142,16975,24135,15,10,16,4,26,41,0.62,3.10,50.00,1352,24847,25079,2.00,28,2679,19107,10,9,27,9,20,42,0.64,4.11,100.00,293,
"Pure EZ",3.05,0.60,4.20,12.20,0,0,1,0,9,60,86, 80, 283, 4, 0, 20,10,11,47, 54291, 193628, 39051, 38.93, 94007,2028.8,0,2445,0,0,17843,0,0,0,0,0,0,0,0,0,0,0,0,0,0,0,0,0,476,1.00,1,43,8143,0,0,0,0,0,1,0.00,0.00,0.00,4,0,0,0,0,0,0,0,0,0,0,0,0,0,0,0,0,0,0,0,0,0,0,0,0,0,0,0,0,0,0,0,0,54291,193152,7.33,250,39008,85864,6,42,122,86,80,282,0.53,3.05,66.67,2332,
"The Tank Man",1.74,1.20,6.20,9.60,0,0,1,0,9,20,9, 50, 214, 1, 0, 8,2,3,54, 73955, 173395, 43074, 20.22, 84088,1762.6,0,2185,0,0,15441,0,0,0,0,0,0,0,0,0,0,0,0,0,0,0,0,22618,27067,79.00,238,1563,14727,7,5,7,0,2,13,0.41,0.00,0.00,147,0,0,0,0,0,0,0,0,0,0,0,0,0,0,0,0,0,0,0,0,0,0,0,0,0,0,0,0,0,0,0,0,51337,146328,2.33,96,41511,69361,5,57,89,9,48,201,0.57,1.65,22.22,1066,
"Rikara",5.46,7.00,2.40,6.10,0,3,1,6,0,70,25, 42, 104, 12, 3, 12,4,6,59, 172399, 165512, 47014, 69.62, 121384,1658.2,0,1496,4644,10442,0,122929,90370,76.50,1285,20866,78631,45,12,42,13,24,72,0.62,7.25,66.67,2559,14500,14224,79.00,158,1151,10918,6,3,7,2,1,7,0.54,0.00,100.00,225,0,0,0,0,0,0,0,0,0,0,0,0,0,0,0,0,34970,60918,10.00,238,24997,31835,19,9,12,10,17,25,0.53,3.44,66.67,1393,0,0,0,0,0,0,0,0,0,0,0,0,0,0,0,0,
"Diamond",3.58,6.50,4.00,7.80,1,0,3,6,0,50,16, 40, 93, 22, 7, 17,1,4,55, 256841, 178905, 27363, 97.85, 130678,1924.7,1657,6062,0,11528,0,160632,106184,77.00,1268,17778,78579,38,27,52,7,28,50,0.60,3.33,50.00,2081,81454,50035,75.00,759,8068,43270,24,7,24,6,12,34,0.52,0.00,66.67,1399,14755,22686,46.00,166,1517,8829,3,6,2,3,0,9,0.26,0.83,0.00,2391,0,0,0,0,0,0,0,0,0,0,0,0,0,0,0,0,0,0,0,0,0,0,0,0,0,0,0,0,0,0,0,0,
"DW shernfire ROC",2.15,4.70,5.20,6.50,0,9,1,0,0,30,32, 48, 143, 2, 0, 7,2,1,62, 152674, 208864, 75375, 69.65, 91527,1455.7,0,1229,13328,0,0,0,0,0,0,0,0,0,0,0,0,0,0,0,0,0,0,11748,17336,42.00,109,698,6719,1,7,7,2,1,8,0.53,0.00,0.00,133,0,0,0,0,0,0,0,0,0,0,0,0,0,0,0,0,140926,191528,8.22,652,74677,84808,46,45,58,30,47,135,0.62,2.31,33.33,4046,0,0,0,0,0,0,0,0,0,0,0,0,0,0,0,0,
"scarra",3.71,5.90,4.50,10.80,3,2,4,0,1,70,25, 67, 159, 7, 1, 20,4,7,59, 232238, 251888, 54213, 186.40, 128695,1987.9,5555,8707,3851,0,1766,0,0,0,0,0,0,0,0,0,0,0,0,0,0,0,0,139619,113678,64.00,799,26391,57462,26,19,41,12,23,59,0.54,0.00,100.00,7187,53686,62254,52.00,590,11811,40244,19,11,35,6,11,33,0.65,4.91,100.00,2390,26360,56328,1.00,155,11693,22029,13,9,19,2,27,43,0.56,3.56,0.00,1440,12573,19628,2.00,8,4318,8960,1,6,13,5,6,24,0.70,2.33,0.00,167,
"Score",2.21,3.90,4.80,6.70,3,4,1,2,0,30,31, 24, 124, 6, 0, 8,1,3,52, 151393, 207983, 33050, 70.22, 89941,1550.4,5065,1579,4958,3902,0,58171,42952,63.00,343,7381,26214,17,14,12,4,6,28,0.49,2.07,50.00,911,13053,23008,61.00,136,1433,9666,5,7,12,2,1,11,0.68,0.00,0.00,127,48507,73816,50.67,395,8513,27750,8,15,24,12,3,36,0.44,2.13,33.33,1452,31662,68207,8.00,164,15723,26311,9,12,19,13,14,49,0.62,2.33,25.00,1723,0,0,0,0,0,0,0,0,0,0,0,0,0,0,0,0,
"OMG pop",3.66,3.40,3.50,9.40,6,4,0,0,0,80,12, 49, 132, 5, 1, 19,5,6,57, 144990, 264576, 76868, 176.87, 108028,1692.3,9797,0,7126,0,0,0,0,0,0,0,0,0,0,0,0,0,0,0,0,0,0,0,0,0,0,0,0,0,0,0,0,0,0,0,0,0,0,82855,141509,65.17,1069,30044,63859,16,23,59,6,15,60,0.55,3.26,83.33,5950,62135,123067,3.25,311,46824,44169,18,12,35,6,34,72,0.60,4.42,75.00,4662,0,0,0,0,0,0,0,0,0,0,0,0,0,0,0,0,
"Abusingthesystem",2.23,7.90,5.60,4.60,0,9,1,0,0,40,6, 37, 94, 3, 2, 12,5,2,58, 174196, 249143, 71323, 97.82, 110540,1640.3,0,2224,14179,0,0,0,0,0,0,0,0,0,0,0,0,0,0,0,0,0,0,23761,29823,5.00,47,11207,14573,11,5,3,2,5,14,0.61,0.00,0.00,539,0,0,0,0,0,0,0,0,0,0,0,0,0,0,0,0,150435,219320,4.22,720,60116,95967,68,51,43,4,32,80,0.57,2.18,44.44,5330,0,0,0,0,0,0,0,0,0,0,0,0,0,0,0,0,
"BOOMSHAKALAKAAAA",4.80,8.90,3.50,7.90,0,10,0,0,0,70,3, 44, 122, 10, 1, 15,2,5,67, 213608, 273729, 92681, 102.85, 127538,1640.5,0,0,16405,0,0,0,0,0,0,0,0,0,0,0,0,0,0,0,0,0,0,0,0,0,0,0,0,0,0,0,0,0,0,0,0,0,0,0,0,0,0,0,0,0,0,0,0,0,0,0,0,0,0,213608,273729,4.30,923,92681,127538,89,35,79,3,44,122,0.67,4.80,70.00,6171,0,0,0,0,0,0,0,0,0,0,0,0,0,0,0,0,
"Annie Bot",3.35,5.60,4.00,7.80,6,0,4,0,0,70,7, 20, 109, 12, 2, 11,1,7,51, 177060, 146180, 14276, 57.88, 116910,1773,10700,7030,0,0,0,0,0,0,0,0,0,0,0,0,0,0,0,0,0,0,0,71725,50669,65.50,733,5087,46401,25,15,35,2,10,46,0.57,0.00,75.00,1216,105335,95511,72.00,1124,9189,70509,31,25,43,5,10,63,0.47,2.96,66.67,2257,0,0,0,0,0,0,0,0,0,0,0,0,0,0,0,0,0,0,0,0,0,0,0,0,0,0,0,0,0,0,0,0,
"C10 Meteos",2.71,6.50,4.90,6.80,1,5,2,1,1,60,15, 55, 126, 9, 1, 11,4,8,51, 170465, 268947, 79518, 108.75, 126574,1799.6,1875,3297,9353,1439,2032,7812,15762,66.00,161,1531,8043,2,5,2,0,5,8,0.25,0.80,0.00,84,36514,43070,61.00,384,8115,24652,15,12,7,1,3,20,0.44,0.00,50.00,682,12793,19058,55.00,227,3775,12936,6,5,3,1,5,13,0.29,1.80,100.00,187,106219,167940,3.40,512,61279,69934,40,24,39,8,36,62,0.61,3.29,60.00,5423,7127,23117,1.00,9,4818,11009,2,3,17,5,6,23,0.58,6.33,100.00,149,
"Im Papa Chau",4.32,2.40,3.80,14.00,1,0,0,1,8,60,29, 68, 245, 9, 0, 12,3,7,68, 108159, 190807, 49869, 41.97, 98215,1808.4,2171,0,0,1653,14260,22631,15794,76.00,212,2443,12795,6,4,7,2,8,11,0.54,3.25,0.00,95,0,0,0,0,0,0,0,0,0,0,0,0,0,0,0,0,6686,18904,6.00,18,14193,11237,0,5,19,4,9,32,0.68,3.80,100.00,146,0,0,0,0,0,0,0,0,0,0,0,0,0,0,0,0,78842,156109,8.13,246,33233,74183,18,29,114,23,51,202,0.70,4.55,62.50,2277,
"Jeem",2.94,4.70,3.50,5.60,0,2,1,7,0,50,7, 18, 108, 11, 1, 10,2,4,50, 135229, 162388, 34701, 44.92, 108059,1643.6,0,1511,3807,11118,0,104715,82340,66.29,1184,11302,79408,43,23,36,3,12,80,0.51,3.43,57.14,1136,6149,12861,68.00,143,642,7857,1,3,3,1,1,11,0.31,0.00,0.00,227,0,0,0,0,0,0,0,0,0,0,0,0,0,0,0,0,24365,67187,2.00,162,22757,20794,3,9,17,3,5,17,0.50,2.22,50.00,1332,0,0,0,0,0,0,0,0,0,0,0,0,0,0,0,0,
"maplestreet LFT",3.79,5.00,3.90,9.80,0,0,0,10,0,60,9, 53, 99, 20, 3, 12,1,5,59, 211722, 148304, 29008, 10.40, 123639,1658.4,0,0,0,16584,0,211722,148304,69.70,2200,29008,123639,50,39,98,9,53,99,0.59,3.79,60.00,624,0,0,0,0,0,0,0,0,0,0,0,0,0,0,0,0,0,0,0,0,0,0,0,0,0,0,0,0,0,0,0,0,0,0,0,0,0,0,0,0,0,0,0,0,0,0,0,0,0,0,0,0,0,0,0,0,0,0,0,0,0,0,0,0,
"kT Smurf",1.59,3.30,5.40,5.30,6,0,4,0,0,30,13, 5, 71, 4, 0, 5,3,5,44, 157935, 218610, 14962, 184.07, 96075,1626.1,10329,5932,0,0,0,0,0,0,0,0,0,0,0,0,0,0,0,0,0,0,0,59444,66414,73.50,692,5056,33884,9,16,16,5,4,24,0.43,0.00,25.00,464,98491,152196,54.83,940,9906,62191,24,38,37,8,1,47,0.44,1.61,33.33,10580,0,0,0,0,0,0,0,0,0,0,0,0,0,0,0,0,0,0,0,0,0,0,0,0,0,0,0,0,0,0,0,0,
"OmarGod",3.76,7.00,4.20,8.80,1,7,0,1,1,90,12, 46, 111, 10, 3, 19,4,9,57, 160211, 263523, 71298, 90.37, 116272,1707.1,1437,0,11648,2175,1811,21447,20360,55.00,209,2959,14852,4,6,10,1,4,15,0.44,2.33,100.00,86,0,0,0,0,0,0,0,0,0,0,0,0,0,0,0,0,10378,22346,65.00,125,4772,8156,1,3,10,1,0,4,0.48,3.67,100.00,456,116947,190782,3.71,450,58182,82605,62,28,47,6,38,68,0.59,3.89,85.71,4328,11439,30035,8.00,29,5385,10659,3,5,21,4,4,24,0.65,4.80,100.00,552,
"Super QQQ",2.00,5.10,6.50,7.90,6,1,3,0,0,30,10, 14, 126, 6, 0, 21,4,4,49, 195621, 251221, 30077, 129.22, 123304,1970.5,11838,6016,1851,0,0,0,0,0,0,0,0,0,0,0,0,0,0,0,0,0,0,52275,69379,71.00,581,8130,36339,11,22,21,2,4,43,0.42,0.00,33.33,1277,130343,154853,60.33,1219,15454,76391,35,38,49,8,9,69,0.51,2.21,33.33,6118,13003,26989,7.00,63,6493,10574,5,5,9,0,1,14,0.61,2.80,0.00,358,0,0,0,0,0,0,0,0,0,0,0,0,0,0,0,0,
"sexycan",1.97,5.90,6.30,6.50,6,2,1,0,1,70,8, 12, 117, 17, 7, 15,6,8,48, 224063, 273565, 78904, 91.63, 126309,1775.8,11745,1340,2787,0,1886,0,0,0,0,0,0,0,0,0,0,0,0,0,0,0,0,9063,9669,46.00,122,1356,7117,2,4,4,1,0,7,0.86,0.00,0.00,204,177737,205592,68.67,1483,66123,89776,39,42,50,3,7,61,0.46,2.12,83.33,3505,30805,40797,10.50,156,9919,20546,17,7,4,0,2,24,0.66,3.00,50.00,1542,6458,17507,0.00,35,1506,8870,1,10,7,4,3,25,0.29,0.80,100.00,247,
" 1035716423qqqq",1.59,3.80,6.40,6.40,0,5,5,0,0,40,32, 55, 111, 6, 1, 14,5,5,46, 161970, 208096, 41778, 58.72, 105202,1649,0,7855,8635,0,0,0,0,0,0,0,0,0,0,0,0,0,0,0,0,0,0,84189,91779,67.20,810,7323,47571,16,37,17,14,25,65,0.39,0.00,0.00,1247,0,0,0,0,0,0,0,0,0,0,0,0,0,0,0,0,77781,116317,15.80,329,34455,57631,22,27,47,18,30,46,0.51,2.56,80.00,2276,0,0,0,0,0,0,0,0,0,0,0,0,0,0,0,0,
"TheeBrandini",3.17,6.30,4.80,8.90,8,1,1,0,0,60,38, 56, 181, 11, 2, 17,7,10,54, 203147, 266446, 48705, 103.68, 137991,1907.6,14838,2410,1828,0,0,0,0,0,0,0,0,0,0,0,0,0,0,0,0,0,0,38425,24680,61.00,289,3638,17985,7,6,10,3,6,23,0.53,0.00,100.00,446,145112,219648,73.00,1822,43027,108885,52,33,68,31,45,149,0.55,3.64,62.50,5190,19610,22118,21.00,78,2040,11121,4,9,11,4,5,9,0.50,1.67,0.00,585,0,0,0,0,0,0,0,0,0,0,0,0,0,0,0,0,
"Lackless",3.69,6.00,3.60,7.30,2,8,0,0,0,70,13, 59, 120, 13, 0, 12,4,8,55, 155009, 286305, 90706, 128.92, 122625,1887.7,3821,0,15056,0,0,0,0,0,0,0,0,0,0,0,0,0,0,0,0,0,0,0,0,0,0,0,0,0,0,0,0,0,0,0,0,0,0,38702,57341,59.50,438,13497,24500,7,9,10,3,8,29,0.40,1.89,50.00,1140,116307,228964,4.88,655,77209,98125,53,27,63,10,51,91,0.58,4.30,75.00,6595,0,0,0,0,0,0,0,0,0,0,0,0,0,0,0,0,
"Quantum Fizzics",5.30,5.20,3.30,12.30,1,1,3,0,5,60,32, 68, 196, 5, 1, 16,0,7,67, 188980, 235997, 124287, 85.95, 122890,2051,2250,5993,1964,0,10303,0,0,0,0,0,0,0,0,0,0,0,0,0,0,0,0,94025,57046,73.67,654,8062,43862,31,9,21,8,9,38,0.69,0.00,66.67,1402,23386,45005,69.00,201,16929,14052,8,5,6,3,2,14,0.64,2.80,0.00,1501,17328,36352,14.00,115,42138,14154,6,2,18,0,12,3,0.62,12.00,100.00,1106,54241,97594,7.00,181,57158,50822,7,17,78,21,45,141,0.69,5.00,60.00,1148,
"teradcujn",5.09,6.50,3.20,9.80,2,1,0,7,0,90,1, 23, 83, 25, 4, 16,5,7,56, 169082, 245066, 63515, 140.67, 136828,1872.2,4193,0,1514,13015,0,119163,126078,70.14,1376,21299,93781,48,24,63,1,13,52,0.58,4.63,85.71,6756,0,0,0,0,0,0,0,0,0,0,0,0,0,0,0,0,39148,87496,76.00,575,27687,33066,13,7,18,0,8,22,0.42,4.43,100.00,896,10771,31492,1.00,76,14529,9981,4,1,17,0,2,9,0.81,21.00,100.00,788,0,0,0,0,0,0,0,0,0,0,0,0,0,0,0,0,
"Aranium",3.48,5.90,4.00,8.00,2,1,3,3,1,60,18, 38, 134, 11, 1, 13,3,5,56, 210809, 211046, 46230, 84.60, 128662,1867,3901,5184,1842,5915,1828,92300,59615,65.33,634,11070,44057,24,12,21,0,11,35,0.53,3.75,33.33,1539,45911,40243,68.00,594,4670,35009,15,10,16,6,10,42,0.56,0.00,66.67,1236,50121,71122,60.00,374,20963,28914,11,9,28,4,6,27,0.55,4.33,100.00,1382,14667,25116,1.00,92,7152,13711,9,3,12,3,6,14,0.68,7.00,100.00,684,7810,14950,5.00,14,2375,6971,0,6,3,5,5,16,0.50,0.50,0.00,235,
"Chody Walrus",3.98,4.70,4.20,12.00,1,9,0,0,0,50,33, 58, 160, 6, 0, 17,2,8,67, 169877, 337432, 121677, 156.08, 126394,2043.9,1195,0,19244,0,0,0,0,0,0,0,0,0,0,0,0,0,0,0,0,0,0,0,0,0,0,0,0,0,0,0,0,0,0,0,0,0,0,11073,19833,42.00,71,3084,6137,4,5,3,2,0,6,0.64,1.40,0.00,302,158804,317599,7.00,880,118593,120257,43,37,117,31,58,154,0.67,4.32,55.56,9063,0,0,0,0,0,0,0,0,0,0,0,0,0,0,0,0,
"cccccccccccccake",4.05,6.50,3.90,9.30,0,1,2,7,0,80,16, 18, 93, 19, 1, 13,10,5,54, 195836, 152240, 25051, 51.42, 110532,1539.1,0,3959,1203,10229,0,121657,94523,66.14,997,17834,75319,47,24,64,8,10,65,0.55,4.63,100.00,2078,60471,48493,59.00,383,5036,26849,15,13,20,5,7,23,0.58,0.00,0.00,662,0,0,0,0,0,0,0,0,0,0,0,0,0,0,0,0,13708,9224,77.00,3,2181,8364,3,2,9,3,1,5,0.41,6.00,100.00,345,0,0,0,0,0,0,0,0,0,0,0,0,0,0,0,0,
"Pekin Woof",3.50,5.60,3.20,5.60,2,0,7,1,0,60,22, 30, 125, 11, 1, 11,2,3,51, 204594, 169461, 28610, 44.73, 114503,1696.8,4167,11200,0,1601,0,25454,15684,62.00,170,3158,11214,5,1,8,2,0,10,0.62,13.00,100.00,593,124902,104758,75.33,1251,15388,71413,29,23,37,16,20,83,0.50,0.00,42.86,1841,54238,49019,68.00,552,10064,31876,22,8,11,4,10,32,0.51,4.13,100.00,250,0,0,0,0,0,0,0,0,0,0,0,0,0,0,0,0,0,0,0,0,0,0,0,0,0,0,0,0,0,0,0,0,
"fallenbandit",3.13,5.40,4.70,9.30,7,0,0,1,2,60,19, 53, 183, 19, 3, 17,2,2,61, 213451, 242248, 75399, 53.40, 127310,1899.9,13283,0,0,2161,3555,14370,20376,44.00,250,4962,13374,3,6,4,1,2,17,0.70,1.17,0.00,132,0,0,0,0,0,0,0,0,0,0,0,0,0,0,0,0,187710,190835,68.14,1533,48694,97938,51,33,73,8,28,110,0.63,3.76,71.43,2620,0,0,0,0,0,0,0,0,0,0,0,0,0,0,0,0,11371,31037,9.50,62,21743,15998,0,8,16,10,23,56,0.50,2.00,50.00,452,
"MBR Solo",3.06,4.10,3.60,6.90,9,1,0,0,0,50,20, 41, 137, 8, 1, 13,2,3,50, 186992, 246655, 49184, 241.50, 115637,1733.7,16184,0,1153,0,0,0,0,0,0,0,0,0,0,0,0,0,0,0,0,0,0,0,0,0,0,0,0,0,0,0,0,0,0,0,0,0,0,181190,231086,73.78,1897,45719,108880,40,33,68,19,38,129,0.50,3.27,55.56,13874,5802,15569,4.00,74,3465,6757,1,3,1,1,3,8,0.67,0.67,0.00,616,0,0,0,0,0,0,0,0,0,0,0,0,0,0,0,0,
"BestGravesCnMA",5.46,5.40,2.40,7.70,0,8,0,2,0,60,18, 45, 125, 17, 3, 13,6,6,65, 153427, 211131, 91593, 113.18, 118438,1689.8,0,0,13153,3745,0,39000,32180,68.50,426,5064,23572,6,9,16,1,6,24,0.52,2.44,50.00,1496,0,0,0,0,0,0,0,0,0,0,0,0,0,0,0,0,0,0,0,0,0,0,0,0,0,0,0,0,0,0,0,0,114427,178951,10.75,725,86529,94866,48,15,61,17,39,101,0.68,7.27,62.50,5295,0,0,0,0,0,0,0,0,0,0,0,0,0,0,0,0,
"Knight Lance",2.50,2.90,5.00,9.60,2,0,1,3,4,40,16, 22, 157, 4, 1, 11,2,4,56, 133948, 208644, 50472, 83.87, 99005,1772.2,3682,1212,0,4914,7914,64609,56976,60.33,450,10249,30358,19,17,15,0,4,29,0.55,2.00,0.00,580,5904,13170,72.00,111,1256,6107,0,6,1,0,1,7,0.14,0.00,0.00,1354,40086,50208,68.00,386,11207,23920,7,8,20,0,2,25,0.63,3.38,50.00,1331,0,0,0,0,0,0,0,0,0,0,0,0,0,0,0,0,23349,88290,8.25,118,27760,38620,3,19,60,16,15,96,0.57,3.32,75.00,1767,
"hi im gosu",1.84,4.80,5.80,5.90,0,0,2,6,2,50,5, 35, 142, 15, 0, 13,1,6,48, 150612, 200066, 26394, 35.18, 113294,1731.6,0,3322,0,10011,3983,98344,103536,77.67,1202,11986,73213,36,30,24,1,24,56,0.41,2.00,66.67,1213,37559,39500,69.50,348,4257,22361,10,16,15,0,3,20,0.54,0.00,50.00,256,0,0,0,0,0,0,0,0,0,0,0,0,0,0,0,0,0,0,0,0,0,0,0,0,0,0,0,0,0,0,0,0,14709,57030,15.00,94,10151,17720,2,12,20,4,8,66,0.69,1.83,0.00,642,
"BillysBoss",2.90,4.50,4.20,7.70,8,0,1,0,1,40,25, 29, 154, 7, 0, 11,6,4,53, 167831, 270899, 60760, 71.35, 115910,1818.3,14087,2397,0,0,1699,0,0,0,0,0,0,0,0,0,0,0,0,0,0,0,0,26193,35829,65.00,207,4368,15661,8,9,11,4,2,18,0.47,0.00,0.00,355,138367,215917,65.50,1629,49486,92909,37,31,58,18,20,110,0.54,3.06,50.00,3824,0,0,0,0,0,0,0,0,0,0,0,0,0,0,0,0,3271,19153,11.00,45,6906,7340,0,2,8,3,7,26,0.57,4.00,0.00,102,
"Bischu",3.18,2.40,5.50,15.10,0,0,1,1,8,50,72, 84, 293, 1, 0, 16,4,5,65, 101551, 232945, 57910, 34.10, 101242,1923.5,0,1506,0,2733,14996,9013,39144,18.00,69,17317,14115,2,8,23,12,11,53,0.86,3.13,100.00,348,14798,12316,68.00,145,1498,8723,6,6,2,3,1,6,0.67,0.00,0.00,36,0,0,0,0,0,0,0,0,0,0,0,0,0,0,0,0,0,0,0,0,0,0,0,0,0,0,0,0,0,0,0,0,77740,181485,8.00,275,39095,78404,16,41,126,57,72,234,0.63,3.46,50.00,1662,
"TheAirIsDry",4.76,1.90,3.40,14.30,0,2,0,1,7,60,31, 56, 209, 3, 0, 13,5,8,70, 88695, 166984, 53374, 31.95, 97973,1849.8,0,0,3395,2431,12672,30902,20337,40.00,188,4192,14954,6,7,14,0,4,15,0.67,2.86,100.00,410,0,0,0,0,0,0,0,0,0,0,0,0,0,0,0,0,0,0,0,0,0,0,0,0,0,0,0,0,0,0,0,0,16357,34649,6.00,63,10012,18045,5,5,21,7,11,41,0.79,5.20,50.00,416,41436,111998,4.86,144,39170,64974,8,22,108,24,41,153,0.68,5.27,57.14,1091,
"Qkuzi",2.35,4.10,4.80,7.20,5,1,1,1,2,40,24, 59, 178, 1, 1, 15,2,3,51, 127822, 196333, 32183, 55.65, 98947,1686.3,7720,1514,2010,2076,3543,7517,26378,3.00,23,4104,9491,1,9,18,2,16,34,0.68,2.11,0.00,218,22766,19107,69.00,171,3239,10210,8,5,5,1,3,10,0.72,0.00,0.00,497,57373,93832,59.60,719,18843,47553,18,17,27,12,16,60,0.42,2.65,60.00,2120,15336,25491,49.00,6,1554,11929,6,8,4,2,4,17,0.53,1.25,0.00,221,24830,31525,3.00,92,4443,19764,8,9,18,7,20,57,0.54,2.89,50.00,283,
"XinxinQ",3.52,3.00,2.70,6.50,2,0,5,1,2,50,24, 42, 115, 3, 2, 11,3,1,46, 97362, 112324, 19653, 41.23, 90580,1514.1,2631,6880,0,1688,3942,12148,10825,40.00,160,2078,10142,2,3,6,1,2,8,0.30,2.67,0.00,359,63862,42325,72.00,819,4142,47593,23,10,26,11,16,57,0.50,0.00,80.00,1556,8798,25445,49.50,193,1671,13048,2,7,9,3,2,12,0.42,1.57,0.00,272,0,0,0,0,0,0,0,0,0,0,0,0,0,0,0,0,12554,33729,5.00,78,11762,19797,3,7,24,9,22,38,0.48,3.86,50.00,287,
"C9 Jensen",2.30,7.20,6.60,8.00,0,0,9,1,0,40,15, 21, 79, 6, 0, 11,3,3,53, 249517, 217605, 30278, 182.57, 124176,1769.5,0,15895,0,1800,0,23572,32385,70.00,168,1546,10515,7,12,3,1,2,7,0.53,0.83,0.00,429,225945,185220,70.22,1722,28732,113661,65,54,77,14,19,72,0.53,0.00,44.44,10525,0,0,0,0,0,0,0,0,0,0,0,0,0,0,0,0,0,0,0,0,0,0,0,0,0,0,0,0,0,0,0,0,0,0,0,0,0,0,0,0,0,0,0,0,0,0,0,0,
"migukgirl",2.59,5.90,4.90,6.80,2,0,5,1,2,40,20, 36, 156, 6, 0, 11,4,2,51, 174357, 211323, 26002, 46.38, 115733,1813.5,4192,9253,0,1302,3388,8555,7615,64.00,149,1255,9245,4,1,6,0,2,7,0.37,10.00,100.00,380,107408,110766,71.20,1076,16354,64337,39,22,26,12,12,70,0.50,0.00,60.00,1952,47033,51688,51.00,468,3682,27896,14,14,17,3,6,31,0.56,2.21,0.00,277,0,0,0,0,0,0,0,0,0,0,0,0,0,0,0,0,11361,41254,9.00,72,4711,14255,2,12,19,5,16,48,0.54,1.75,0.00,174,
"HoldpiggInHandxf",2.02,3.70,5.10,6.60,5,0,2,2,1,50,10, 38, 137, 5, 1, 9,5,4,49, 146889, 204063, 41124, 71.80, 102235,1628.8,7711,3294,0,3107,2176,34464,28854,64.50,334,5000,18147,3,6,17,1,5,18,0.54,3.33,50.00,115,23431,36496,56.50,292,6460,21774,10,12,13,1,5,23,0.48,0.00,50.00,1026,78890,104439,70.20,875,25793,51962,22,24,25,6,21,55,0.51,1.96,60.00,1397,0,0,0,0,0,0,0,0,0,0,0,0,0,0,0,0,10104,34274,9.00,48,3871,10352,2,9,11,2,7,41,0.39,1.44,0.00,1770,
"Bombay Kitten",2.81,5.70,4.70,7.50,5,0,2,2,1,70,21, 26, 137, 10, 1, 13,3,6,54, 194724, 198126, 23142, 46.00, 115762,1748.7,9029,4052,0,3072,1334,28139,20595,77.00,350,3485,18568,4,6,12,1,4,20,0.44,2.67,50.00,0,49718,65269,60.50,417,10558,27115,13,13,18,5,2,31,0.69,0.00,50.00,1557,108514,103004,68.20,865,9004,63294,39,23,38,11,17,70,0.58,3.35,80.00,999,0,0,0,0,0,0,0,0,0,0,0,0,0,0,0,0,8353,9258,8.00,23,95,6785,1,5,7,4,3,16,0.27,1.60,100.00,204,